,MSD,form,eng_gloss,gitksan_gloss,morph,paradigm_i
0,ROOT,ayooK,law,ayooK,ayook̲,0
1,ROOT;3.II,ayooKt,law-3.II,ayooK-3.II,ayook̲-t,0
2,ROOT;1PL.II,ayooGa'm,law-1PL.II,ayooK-1PL.II,ayook̲-'m,0
3,ROOT;3PL.II,ayooKdiit,law-3PL.II,ayooK-3PL.II,ayook̲-diit,0
1,ROOT,'nekw,lon,'nekw,'nekw,3
2,ROOT;PL,'niiluxw,long.PL,'niiluxw.PL,'niiluxw,3
4,ROOT;SX,'negwit,long-SX,'nekw-SX,'nekw-it,3
5,ROOT;3.II,'nekwt,long-3.II,'nekw-3.II,'nekw-t,3
0,ROOT,wil,be/do,wil,wil,4
1,ROOT;SX,wilt,be/do-SX,wil-SX,wil-it,4
2,ROOT;3PL,wilda,be/do-3PL,wil-3PL,wil-da,4
3,ROOT;3.II,wilt,be/do-3.II,wil-3.II,wil-t,4
4,ROOT;1PL.II,wili'm,be/do-1PL.II,wil-1PL.II,wil-'m,4
5,ROOT;2PL.II,wilsi'm,be/do-2PL.II,wil-2PL.II,wil-si'm,4
7,ROOT;3PL.II,wildiit,be/do-3PL.II,wil-3PL.II,wil-diit,4
8,ROOT;2SG.II,win,be/do-2SG.II,wil-2SG.II,wil-n,4
9,ROOT;1SG.II,wili'y,be/do-1SG.II,wil-1SG.II,wil-'y,4
0,ROOT,'nu'w,die,'nu'w,'nu'w,5
1,ROOT;PL,dexw,die.PL,dexw.PL,dexw,5
2,ROOT;SX,'nu'wit,die-SX,'nu'w-SX,'nu'w-it,5
4,ROOT;3.II,'nu'wt,die-3.II,'nu'w-3.II,'nu'w-t,5
5,ROOT;PL;SX,dexwit,die.PL-SX,dexw.PL-SX,dexw-it,5
6,ROOT;3PL.II,'nu'wdiit,die-3PL.II,'nu'w-3PL.II,'nu'w-diit,5
7,ROOT;PL;3.II,dexwt,die.PL-3.II,dexw.PL-3.II,dexw-t,5
8,ROOT;PL;3PL.II,dexwdiit,die.PL-3PL.II,dexw.PL-3PL.II,dexw-diit,5
0,ROOT,sdik'eekw,siblin,sdik'eekw,sdik'eekw,6
1,ROOT;3.II,sdik'eekwt,sibling-3.II,sdik'eekw-3.II,sdik'eekw-t,6
2,ROOT;2SG.II,sdik'eegwin,sibling-2SG.II,sdik'eekw-2SG.II,sdik'eekw-n,6
0,ROOT,neks,spouse,neks,neks,7
2,ROOT;PL,niiniks,spouse.PL,niiniks.PL,niiniks,7
4,ROOT;ATTR,neksim,spouse-ATTR,neks-ATTR,neks-m,7
6,ROOT;3.II,nekst,spouse-3.II,neks-3.II,neks-t,7
0,ROOT,hlguuhlxw,offsprin,hlguuhlxw,hlguuhlxw,9
1,ROOT;PL,hlgi,offspring.PL,hlgi.PL,hlgi,9
2,ROOT;ATTR,hlguuhlxum,offspring-ATTR,hlguuhlxw-ATTR,hlguuhlxw-m,9
3,ROOT;1SG.II,hlguuhlxwi'y,offspring-1SG.II,hlguuhlxw-1SG.II,hlguuhlxw-'y,9
5,ROOT;PL;ATTR,hlgim,offspring.PL-ATTR,hlgi.PL-ATTR,hlgi-m,9
6,ROOT;PL;3.II,hlgit,offspring.PL-3.II,hlgi.PL-3.II,hlgi-t,9
7,ROOT;PL;1SG.II,hlgi'y,offspring.PL-1SG.II,hlgi.PL-1SG.II,hlgi-'y,9
8,ROOT;PL;3PL.II,hlgidiit,offspring.PL-3PL.II,hlgi.PL-3PL.II,hlgi-diit,9
1,ROOT,we,man's.brother,we,wek,10
3,ROOT;3.II,wekt,man's.brother-3.II,wek-3.II,wek-t,10
4,ROOT;1SG.II,wegi'y,man's.brother-1SG.II,wek-1SG.II,wek-'y,10
1,ROOT,wa,name,we,wa,11
2,ROOT;SX,wat,name-SX,we-SX,wa-it,11
3,ROOT;3.II,wat,name-3.II,we-3.II,wa-t,11
5,ROOT;1PL.II,wa'm,name-1PL.II,we-1PL.II,wa-'m,11
6,ROOT;3PL.II,wadiit,name-3PL.II,we-3PL.II,wa-diit,11
7,ROOT;1SG.II,we'y,name-1SG.II,we-1SG.II,we-'y,11
8,ROOT;PL;3.II,huwat,PL~name-3.II,PL~we-3.II,hu~wa-t,11
0,ROOT,hanaK',woman,hanaK',hanak̲',12
1,ROOT;PL,haanaK',woman.PL,haanaK'.PL,haanak̲',12
2,ROOT;3.II,hanaK't,woman-3.II,hanaK'-3.II,hanak̲'-t,12
3,ROOT;1SG.II,hanaK'a'y,woman-1SG.II,hanaK'-1SG.II,hanak̲'-'y,12
0,ROOT,sins,blind,sins,sins,13
1,ROOT;3.II,sinst,blind-3.II,sins-3.II,sins-t,13
0,ROOT,hugwaX,correct,hugwaX,hugwax̲,14
3,ROOT;ATTR,hogaXam,correct-ATTR,hugwaX-ATTR,hogax̲-m,14
5,ROOT;3.II,hugwaXt,correct-3.II,hugwaX-3.II,hugwax̲-t,14
6,ROOT;3PL.II,hogaXdiit,correct-3PL.II,hugwaX-3PL.II,hogax̲-diit,14
0,ROOT,am,good,am,am,16
1,ROOT;SX,aamit,good-SX,am-SX,am-it,16
3,ROOT;ATTR,ama,good-ATTR,am-ATTR,am-a,16
4,ROOT;3.II,amt,good-3.II,am-3.II,am-t,16
5,ROOT;PL;SX,am'amit,PL~good-SX,PL~am-SX,CVC~am-it,16
6,ROOT;PL;ATTR,am'ama,PL~good-ATTR,PL~am-ATTR,CVC~am-a,16
7,ROOT;PL;3.II,am'amt,PL~good-3.II,PL~am-3.II,CVC~am-t,16
0,ROOT,loK,rotten,loK,lok̲,17
1,ROOT;ATTR,loGa,rotten-ATTR,loK-ATTR,lok̲-a,17
3,ROOT;3.II,loKt,rotten-3.II,loK-3.II,lok̲-t,17
0,ROOT,swit,sweetheart,swit,swit,18
1,ROOT;3.II,switt,sweetheart-3.II,swit-3.II,swit-t,18
0,ROOT,mahl,tell,mehl,mahl,20
2,ROOT;3PL.II,mahldiit,tell-3PL.II,mehl-3PL.II,mahl-diit,20
0,ROOT,'wii,bi,'wii,'wii,21
1,ROOT;PL,'wiidaX,big.PL,'wiidaX.PL,'wiidax̲,21
0,ROOT,t'is,large,t'is,t'is,22
1,ROOT;SX,t'isit,large-SX,t'is-SX,t'is-it,22
2,ROOT;ATTR,t'isim,large-ATTR,t'is-ATTR,t'is-m,22
3,ROOT;3.II,t'ist,large-3.II,t'is-3.II,t'is-t,22
0,ROOT,aks,water,aks,aks,23
1,ROOT;3PL.II,aksdiit,water-3PL.II,aks-3PL.II,aks-diit,23
0,ROOT,joK,dwell,joK,jok̲,25
2,ROOT;SX,joGot,dwell-SX,joK-SX,jok̲-it,25
3,ROOT;3.II,joKt,dwell-3.II,joK-3.II,jok̲-t,25
5,ROOT;PL;SX,jaXjoGot,PL~dwell-SX,PL~joK-SX,CVC~jok̲-it,25
6,ROOT;1PL.II,joGo'm,dwell-1PL.II,joK-1PL.II,jok̲-'m,25
7,ROOT;3PL.II,joKdiit,dwell-3PL.II,joK-3PL.II,jok̲-diit,25
8,ROOT;1SG.II,joGo'y,dwell-1SG.II,joK-1SG.II,jok̲-'y,25
9,ROOT;PL;3.II,jaXjoKt,PL~dwell-3.II,PL~joK-3.II,CVC~jok̲-t,25
10,ROOT;PL;1PL.II,jaXjoGo'm,PL~dwell-1PL.II,PL~joK-1PL.II,CVC~jok̲-'m,25
11,ROOT;PL;3PL.II,jaXjoKdiit,PL~dwell-3PL.II,PL~joK-3PL.II,CVC~jok̲-diit,25
0,ROOT,t'aa,sit,t'aa,t'aa,26
2,ROOT;PL,wan,sit.PL,wen.PL,wan,26
3,ROOT;SX,t'aat,sit-SX,t'aa-SX,t'aa-it,26
5,ROOT;ATTR,t'aam,sit-ATTR,t'aa-ATTR,t'aa-m,26
6,ROOT;3.II,t'aat,sit-3.II,t'aa-3.II,t'aa-t,26
7,ROOT;PL;SX,wanit,sit.PL-SX,wen.PL-SX,wan-it,26
10,ROOT;2SG.II,t'aan,sit-2SG.II,t'aa-2SG.II,t'aa-n,26
12,ROOT;PL;3.II,want,sit.PL-3.II,wen.PL-3.II,wan-t,26
13,ROOT;PL;1PL.II,wani'm,sit.PL-1PL.II,wen.PL-1PL.II,wan-'m,26
15,ROOT;PL;3PL.II,wandiit,sit.PL-3PL.II,wen.PL-3PL.II,wan-diit,26
0,ROOT,helt,many,helt,helt,27
2,ROOT;SX,heldit,many-SX,helt-SX,helt,27
3,ROOT;3PL,heltda,many-3PL,helt-3PL,helt-da,27
4,ROOT;ATTR,helda,many-ATTR,helt-ATTR,helt-a,27
6,ROOT;3.II,heltt,many-3.II,helt-3.II,helt-t,27
7,ROOT;3PL.II,heltdiit,many-3PL.II,helt-3PL.II,helt-diit,27
1,ROOT,dilst,live,dils,dilst,29
2,ROOT;PL;SX,dildilsit,PL~live-SX,PL~dils-SX,CVC~dils-it,29
3,ROOT;PL;1PL.II,didilsdi'm,PL~live-1PL.II,PL~dils-1PL.II,CV~dilst-'m,29
4,ROOT;PL;3PL.II,dildilsdiit,PL~live-3PL.II,PL~dils-3PL.II,CVC~dils-diit,29
0,ROOT,Xde,be.hungry,Xde,x̲dex,30
2,ROOT;3.II,xwdaxt,be.hungry-3.II,Xdex-3.II,xwdax-t,30
3,ROOT;1PL.II,Xdeyi'm,be.hungry-1PL.II,Xdex-1PL.II,x̲dex-'m,30
4,PL;ROOT;3PL.II,luxdaxdiit,PL-be.hungry-3PL.II,PL-Xdex-3PL.II,li-xwdax-diit,30
0,ROOT,a'w,whine,a'w,a'w,31
1,ROOT;3PL.II,a'widiit,whine-3PL.II,a'w-3PL.II,a'w-diit,31
3,ROOT,agu,what,agu,agu,32
4,ROOT;3.II,agut,what-3.II,agu-3.II,agu-t,32
0,ROOT,hun,salmon,hun,hun,34
1,ROOT;3.II,hunt,salmon-3.II,hun-3.II,hun-t,34
1,ROOT,sma,bear,sme,smax,35
2,ROOT;3.II,smaxt,bear-3.II,smex-3.II,smax-t,35
3,ROOT;3PL.II,smaxdiit,bear-3PL.II,smex-3PL.II,smax-diit,35
0,ROOT,maa'y,berry,maa'y,maa'y,37
1,ROOT;1PL.II,maa'yi'm,berry-1PL.II,maa'y-1PL.II,maa'y-'m,37
0,ROOT,sgi,lie.on,sgi,sgi,38
1,ROOT;PL,doX,lie.on.PL,doX.PL,dox̲,38
2,ROOT;SX,sgit,lie.on-SX,sgi-SX,sgi-it,38
3,ROOT;3.II,sgit,lie.on-3.II,sgi-3.II,sgi-t,38
4,ROOT;PL;SX,dohot,lie.on.PL-SX,doX.PL-SX,dox̲-it,38
5,ROOT;3PL.II,sgidiit,lie.on-3PL.II,sgi-3PL.II,sgi-diit,38
6,ROOT;PL;3.II,doXt,lie.on.PL-3.II,doX.PL-3.II,dox̲-t,38
7,ROOT;PL;3PL.II,doXdiit,lie.on.PL-3PL.II,doX.PL-3PL.II,dox̲-diit,38
0,ROOT,yuxw,follow,yuxw,yuxw,39
1,ROOT;3.II,yuxwt,follow-3.II,yuxw-3.II,yuxw-t,39
3,ROOT;3PL.II,yuxwdiit,follow-3PL.II,yuxw-3PL.II,yuxw-diit,39
5,ROOT;TR;3.II,yuxwit,follow-TR-3.II,yuxw-TR-3.II,yuxw-i-t,39
6,ROOT;TR;1SG.II,yuwi'y,follow-TR-1SG.II,yuxw-TR-1SG.II,yuxw-i-'y,39
0,ROOT,k'ap,ten,k'ap,k'ap,40
1,ROOT;3.II,k'apt,ten-3.II,k'ap-3.II,k'ap-t,40
0,ROOT,Gabii,how.many,Gabi,g̲abi,41
2,ROOT;SX,Gabiit,how.many-SX,Gabi-SX,g̲abi-it,41
4,ROOT;3.II,Gabiit,how.many-3.II,Gabi-3.II,g̲abi-t,41
5,ROOT;3PL.II,Gabidiit,how.many-3PL.II,Gabi-3PL.II,g̲abi-diit,41
0,ROOT,liluxws,steal,liluxws,liluxws,42
1,ROOT;3.II,liluxwst,steal-3.II,liluxws-3.II,liluxws-t,42
2,ROOT;2PL.II,liluxwsisi'm,steal-2PL.II,liluxws-2PL.II,liluxws-si'm,42
3,ROOT;3PL.II,liluxwsdiit,steal-3PL.II,liluxws-3PL.II,liluxws-diit,42
1,ROOT,jekw,kill,jekw,jekw,43
2,ROOT;3PL.II,jekwdiit,kill-3PL.II,jekw-3PL.II,jekw-diit,43
0,ROOT,liseexw,discuss,liseexw,liseexw,44
1,ROOT;3PL.II,liseexwdiit,discuss-3PL.II,liseexw-3PL.II,liseexw-diit,44
0,ROOT,ky'ul,one.HUM,ky'ul,ky'ul,46
1,ROOT;SX,ky'ult,one.HUM-SX,ky'ul-SX,ky'ul-it,46
2,ROOT;3.II,ky'ult,one.HUM-3.II,ky'ul-3.II,ky'ul-t,46
3,ROOT;3PL.II,ky'uldiit,one.HUM-3PL.II,ky'ul-3PL.II,ky'ul-diit,46
0,ROOT,get,man,get,get,47
2,ROOT;PL,ii'wxwt,man.PL,ii'wxwt.PL,ii'wxwt,47
3,ROOT;3.II,gett,man-3.II,get-3.II,get-t,47
4,ROOT;1SG.II,gedi'y,man-1SG.II,get-1SG.II,get-'y,47
0,ROOT,kwsdins,five,kwsdins,kwsdins,48
2,ROOT;SX,kwsdinsit,five-SX,kwsdins-SX,kwsdins-it,48
3,ROOT;3.II,kwsdinst,five-3.II,kwsdins-3.II,kwsdins-t,48
0,ROOT,amGoo,remember,amGoo,amg̲oo,49
1,ROOT;3.II,amGoot,remember-3.II,amGoo-3.II,amg̲oo-t,49
0,ROOT,yee,go,yee,yee,52
1,ROOT;PL,hlo'o,go.PL,hlo'o.PL,hlo'o,52
2,ROOT;3.II,yeet,go-3.II,yee-3.II,yee-t,52
4,ROOT;PL;SX,hlo'ot,go.PL-SX,hlo'o.PL-SX,hlo'o-it,52
5,ROOT;PL;3.II,hlo'ot,go.PL-3.II,hlo'o.PL-3.II,hlo'o-t,52
6,ROOT;PL;1PL.II,hlo'o'm,go.PL-1PL.II,hlo'o.PL-1PL.II,hlo'o-'m,52
7,ROOT;PL;3PL.II,hlo'odiit,go.PL-3PL.II,hlo'o.PL-3PL.II,hlo'o-diit,52
0,ROOT,giihl,lie.down,giihl,giihl,54
1,ROOT;PL,laahl,lie.down.PL,laahl.PL,laahl,54
2,ROOT;3.II,giihlt,lie.down-3.II,giihl-3.II,giihl-t,54
3,ROOT;1SG.II,giihli'y,lie.down-1SG.II,giihl-1SG.II,giihl-'y,54
4,ROOT;PL;1PL.II,laahli'm,lie.down.PL-1PL.II,laahl.PL-1PL.II,laahl-'m,54
5,ROOT;PL;3PL.II,laahldiit,lie.down.PL-3PL.II,laahl.PL-3PL.II,laahl-diit,54
0,ROOT,'witxw,arrive,'witxw,'witxw,56
2,ROOT;PL,bekw,arrive.PL,bekw.PL,bekw,56
4,ROOT;SX,'witxwit,arrive-SX,'witxw-SX,'witxw-it,56
5,ROOT;3.II,'witxwt,arrive-3.II,'witxw-3.II,'witxw-t,56
6,ROOT;1SG.II,'witxwi'y,arrive-1SG.II,'witxw-1SG.II,'witxw-'y,56
7,ROOT;PL;3.II,bekwt,arrive.PL-3.II,bekw.PL-3.II,bekw-t,56
11,ROOT;PL;1PL.II,begu'm,arrive.PL-1PL.II,bekw.PL-1PL.II,bekw-'m,56
12,ROOT;PL;3PL.II,bekwdiit,arrive.PL-3PL.II,bekw.PL-3PL.II,bekw-diit,56
0,ROOT,sim'oogit,chief,sim'oogit,sim'oogit,57
1,ROOT;3.II,sim'oogitt,chief-3.II,sim'oogit-3.II,sim'oogit-t,57
0,ROOT,he,say,he,he,58
1,ROOT;SX,heet,say-SX,he-SX,he-it,58
2,ROOT;3.II,het,say-3.II,he-3.II,he-t,58
3,ROOT;1PL.II,he'm,say-1PL.II,he-1PL.II,he-'m,58
4,ROOT;3PL.II,hediit,say-3PL.II,he-3PL.II,he-diit,58
5,ROOT;2SG.II,hen,say-2SG.II,he-2SG.II,he-n,58
6,ROOT;1SG.II,he'y,say-1SG.II,he-1SG.II,he-'y,58
0,ROOT,jep,make,jep,jep,59
3,ROOT;3.II,jept,make-3.II,jep-3.II,jep-t,59
5,ROOT;3PL.II,jepdiit,make-3PL.II,jep-3PL.II,jep-diit,59
6,ROOT;TR;3.II,jabit,make-TR-3.II,jep-TR-3.II,jap-i-t,59
8,ROOT;TR;1SG.II,jebi'y,make-TR-1SG.II,jep-TR-1SG.II,jep-i-'y,59
9,ROOT;PL;3PL.II,jipjepdiit,PL~make-3PL.II,PL~jep-3PL.II,CVC~jep-diit,59
10,ROOT;TR;2PL.II,jebisi'm,make-TR-2PL.II,jep-TR-2PL.II,jep-i-si'm,59
11,ROOT;TR;2SG.II,jebin,make-TR-2SG.II,jep-TR-2SG.II,jep-i-n,59
0,ROOT,aat'iks,come,aat'iks,aat'iks,60
2,ROOT;3.II,aat'ikst,come-3.II,aat'iks-3.II,aat'iks-t,60
0,ROOT,ts'ep,village.people,ts'ep,ts'ep,62
1,ROOT;ATTR,ts'ebim,village.people-ATTR,ts'ep-ATTR,ts'ep-m,62
2,ROOT;3.II,ts'ept,village.people-3.II,ts'ep-3.II,ts'ep-t,62
3,ROOT;3PL.II,ts'epdiit,village.people-3PL.II,ts'ep-3PL.II,ts'ep-diit,62
0,ROOT,'wa,find,'wa,'wa,63
1,ROOT;3.II,'wat,find-3.II,'wa-3.II,'wa-t,63
2,ROOT;3PL.II,'wadiit,find-3PL.II,'wa-3PL.II,'wa-diit,63
3,ROOT;TR;3.II,'wayit,find-TR-3.II,'wa-TR-3.II,'wa-i-t,63
4,ROOT;TR;1PL.II,'wayi'm,find-TR-1PL.II,'wa-TR-1PL.II,'wa-i-'m,63
0,ROOT,algaX,spea,algaX,algax̲,66
1,ROOT;3.II,algaXt,speak-3.II,algaX-3.II,algax̲-t,66
2,ROOT;1SG.II,algaXa'y,speak-1SG.II,algaX-1SG.II,algax̲-'y,66
3,ROOT;PL;3.II,hal'algaXt,PL~speak-3.II,PL~algaX-3.II,CVC~algax̲-t,66
0,ROOT,hlis,finish,hlis,hlis,68
1,ROOT;3.II,hlist,finish-3.II,hlis-3.II,hlis-t,68
0,ROOT,yukw,busy,yukw,yukw,69
1,ROOT;3.II,yukwt,busy-3.II,yukw-3.II,yukw-t,69
2,ROOT;3PL.II,yukwdiit,busy-3PL.II,yukw-3PL.II,yukw-diit,69
0,ROOT,hit,stand,hit,hit,71
2,ROOT;PL,lit,stand.PL,lit.PL,lit,71
0,ROOT,hlimoo,help,hlimoo,hlimoo,72
1,ROOT;3.II,hlimoot,help-3.II,hlimoo-3.II,hlimoo-t,72
2,ROOT;1PL.II,hlimoo'm,help-1PL.II,hlimoo-1PL.II,hlimoo-'m,72
3,ROOT;3PL.II,hlimoodiit,help-3PL.II,hlimoo-3PL.II,hlimoo-diit,72
4,ROOT;TR;1PL.II,hlimooyi'm,help-TR-1PL.II,hlimoo-TR-1PL.II,hlimoo-i-'m,72
1,ROOT,wilaa,know,halaa,wilaax,75
3,ROOT;PL,huwilaa,PL~know,PL~halaa,CV~wilaax,75
5,ROOT;3.II,wilaaxt,know-3.II,halaax-3.II,wilaax-t,75
7,ROOT;3PL.II,wilaaxdiit,know-3PL.II,halaax-3PL.II,wilaax-diit,75
8,ROOT;TR;3.II,wilaayit,know-TR-3.II,halaax-TR-3.II,wilaax-i-t,75
9,ROOT;TR;1SG.II,wilaayi'y,know-TR-1SG.II,halaax-TR-1SG.II,wilaax-i-'y,75
10,ROOT;TR;2PL.II,wilaayisi'm,know-TR-2PL.II,halaax-TR-2PL.II,wilaax-i-si'm,75
0,ROOT,guu,take,guu,guu,76
1,ROOT;PL,doK,take.PL,doK.PL,dok̲,76
2,ROOT;3.II,guut,take-3.II,guu-3.II,guu-t,76
3,ROOT;PL;3.II,doKt,take.PL-3.II,doK.PL-3.II,dok̲-t,76
5,ROOT;PL;3PL.II,doKdiit,take.PL-3PL.II,doK.PL-3PL.II,dok̲-diit,76
6,ROOT;PL;TR;3.II,doGot,take.PL-TR-3.II,doK.PL-TR-3.II,dok̲-i-t,76
7,ROOT;PL;TR;1PL.II,doGo'm,take.PL-TR-1PL.II,doK.PL-TR-1PL.II,dok̲-i-'m,76
0,ROOT,hasaK,desire,hasaK,hasak̲,79
1,ROOT;SX,hasaGat,desire-SX,hasaK-SX,hasak̲-it,79
2,ROOT;3.II,hasaKt,desire-3.II,hasaK-3.II,hasak̲-t,79
3,ROOT;1PL.II,hasaGa'm,desire-1PL.II,hasaK-1PL.II,hasak̲-'m,79
4,ROOT;2PL.II,hasaKsi'm,desire-2PL.II,hasaK-2PL.II,hasak̲-si'm,79
5,ROOT;3PL.II,hasaKdiit,desire-3PL.II,hasaK-3PL.II,hasak̲-diit,79
6,ROOT;1SG.II,hasaGa'y,desire-1SG.II,hasaK-1SG.II,hasak̲-'y,79
0,ROOT,daa'whl,leave,daa'whl,daa'whl,82
1,ROOT;PL,saks,leave.PL,seks.PL,saks,82
3,ROOT;SX,daa'whlit,leave-SX,daa'whl-SX,daa'whl-it,82
4,ROOT;3.II,daa'whlt,leave-3.II,daa'whl-3.II,daa'whl-t,82
7,ROOT;PL;SX,seksit,leave.PL-SX,seks.PL-SX,seks-it,82
8,ROOT;3PL.II,daa'whldiit,leave-3PL.II,daa'whl-3PL.II,daa'whl-diit,82
9,ROOT;PL;3.II,sekst,leave.PL-3.II,seks.PL-3.II,seks-t,82
11,ROOT;PL;3PL.II,seksdiit,leave.PL-3PL.II,seks.PL-3PL.II,seks-diit,82
0,ROOT,lukw,move.location,lukw,lukw,85
1,ROOT;3.II,lukwt,move.location-3.II,lukw-3.II,lukw-t,85
2,ROOT;3PL.II,lukwdiit,move.location-3PL.II,lukw-3PL.II,lukw-diit,85
0,ROOT,baX,run,baX,bax̲,86
1,ROOT;PL,Gol,run.PL,Gol.PL,g̲ol,86
2,ROOT;3.II,baXt,run-3.II,baX-3.II,bax̲-t,86
3,ROOT;1SG.II,baXa'y,run-1SG.II,baX-1SG.II,bax̲-'y,86
4,ROOT;PL;3.II,Golt,run.PL-3.II,Gol.PL-3.II,g̲ol-t,86
5,ROOT;PL;1PL.II,Goli'm,run.PL-1PL.II,Gol.PL-1PL.II,g̲ol-'m,86
6,ROOT;PL;3PL.II,Goldiit,run.PL-3PL.II,Gol.PL-3PL.II,g̲ol-diit,86
0,ROOT,ts'eehl,edge,ts'eehl,ts'eehl,87
1,ROOT;3.II,ts'eet,edge-3.II,ts'eehl-3.II,ts'eehl-t,87
0,ROOT,hoo,use,hoo,hoox,88
1,ROOT;3.II,hooxt,use-3.II,hoox-3.II,hoox-t,88
2,ROOT;3PL.II,hooxdiit,use-3PL.II,hoox-3PL.II,hoox-diit,88
3,ROOT;TR;3.II,hooyit,use-TR-3.II,hoox-TR-3.II,hoox-i-t,88
4,ROOT;TR;1SG.II,hooyi'y,use-TR-1SG.II,hoox-TR-1SG.II,hoox-i-'y,88
5,ROOT;TR;1PL.II,hooyi'm,use-TR-1PL.II,hoox-TR-1PL.II,hoox-i-'m,88
0,ROOT,'mal,canoe,'mel,'mal,89
2,ROOT;3.II,'malt,canoe-3.II,'mel-3.II,'mal-t,89
0,ROOT,ixw,line.fish,ixw,ixw,91
1,ROOT;SX,iwit,line.fish-SX,ixw-SX,ixw-it,91
2,ROOT;3.II,ixwt,line.fish-3.II,ixw-3.II,ixw-t,91
0,ROOT,waa,paddle,waa,waax,95
1,ROOT;3.II,waaxt,paddle-3.II,waax-3.II,waax-t,95
0,ROOT,wilp,house,wilp,wilp,96
1,ROOT;PL,huwilp,PL~house,PL~wilp,CV~wilp,96
2,ROOT;3.II,wilpt,house-3.II,wilp-3.II,wilp-t,96
3,ROOT;3PL.II,wilpdiit,house-3PL.II,wilp-3PL.II,wilp-diit,96
4,ROOT;PL;3.II,huwilpt,PL~house-3.II,PL~wilp-3.II,CV~wilp-t,96
0,ROOT,gin,feed,gin,gin,98
1,ROOT;3.II,gint,feed-3.II,gin-3.II,gin-t,98
2,ROOT;3PL.II,gindiit,feed-3PL.II,gin-3PL.II,gin-diit,98
0,ROOT,'mas,grow,'mes,'mas,100
2,ROOT;PL,limXs,grow.PL,limXs.PL,limx̲s,100
3,ROOT;ATTR,'mesim,grow-ATTR,'mes-ATTR,'mes-m,100
4,ROOT;3.II,'mast,grow-3.II,'mes-3.II,'mas-t,100
6,ROOT;1SG.II,'mesi'y,grow-1SG.II,'mes-1SG.II,'mes-'y,100
7,ROOT;PL;ATTR,limXsim,grow.PL-ATTR,limXs.PL-ATTR,limx̲s-m,100
0,ROOT,anooK,allow,anooK,anook̲,105
1,ROOT;3.II,anooKt,allow-3.II,anooK-3.II,anook̲-t,105
2,ROOT;1PL.II,anooGo'm,allow-1PL.II,anooK-1PL.II,anook̲-'m,105
3,ROOT;3PL.II,anooKdiit,allow-3PL.II,anooK-3PL.II,anook̲-diit,105
0,ROOT,se'e,le,se'e,se'e,106
1,ROOT;3.II,se'et,leg-3.II,se'e-3.II,se'e-t,106
2,ROOT;PL;3PL.II,sise'ediit,PL~leg-3PL.II,PL~se'e-3PL.II,si~se'e-diit,106
3,ROOT;PL;2SG.II,sise'en,PL~leg-2SG.II,PL~se'e-2SG.II,CV~se'e-n,106
0,ROOT,das,touch,des,das,107
2,ROOT;3.II,dast,touch-3.II,des-3.II,das-t,107
3,ROOT;3PL.II,desdiit,touch-3PL.II,des-3PL.II,des-diit,107
0,ROOT,gi'nam,give,gi'nam,gi'nam,108
1,ROOT;3.II,gi'namt,give-3.II,gi'nam-3.II,gi'nam-t,108
2,ROOT;3PL.II,gi'namdiit,give-3PL.II,gi'nam-3PL.II,gi'nam-diit,108
3,ROOT;TR;3.II,gi'namit,give-TR-3.II,gi'nam-TR-3.II,gi'nam-i-t,108
4,ROOT;TR;1SG.II,gi'nami'y,give-TR-1SG.II,gi'nam-TR-1SG.II,gi'nam-i-'y,108
0,ROOT,GasGoo,how.much,GasGoo,g̲asg̲oo,109
1,ROOT;SX,GasGoot,how.much-SX,GasGoo-SX,g̲asg̲oo-it,109
2,ROOT;3.II,GasGoot,how.much-3.II,GasGoo-3.II,g̲asg̲oo-t,109
0,ROOT,mo'on,salt,mo'on,mo'on,112
1,ROOT;3.II,mo'ont,salt-3.II,mo'on-3.II,mo'on-t,112
0,ROOT,sget,be.born,sget,sget,113
2,ROOT;3.II,sgett,be.born-3.II,sget-3.II,sget-t,113
0,ROOT,Gan'mala,button,Gan'mala,g̲an'mala,116
1,ROOT;3.II,Gan'malat,button-3.II,Gan'mala-3.II,g̲an'mala-t,116
0,ROOT,mesxw,red,mesxw,mesxw,117
2,ROOT;PL,mismesxw,PL~red,PL~mesxw,CVC~mesxw,117
3,ROOT;SX,masxwit,red-SX,mesxw-SX,masxw-it,117
4,ROOT;3.II,masxwt,red-3.II,mesxw-3.II,masxw-t,117
1,ROOT,wil'naat'ahl,clan,wil'naat'ehl,wil'naat'ahl,118
2,ROOT;3.II,wil'naat'ahlt,clan-3.II,wil'naat'ehl-3.II,wil'naat'ahl-t,118
4,ROOT;3PL.II,wil'naat'ahldiit,clan-3PL.II,wil'naat'ehl-3PL.II,wil'naat'ahl-diit,118
0,ROOT,gat,person,get,gat,122
2,ROOT;ATTR,gedim,person-ATTR,get-ATTR,get-m,122
3,ROOT;3.II,gatt,person-3.II,get-3.II,get-t,122
0,ROOT,ts'axw,excel,ts'axw,ts'axw,125
1,ROOT;3PL.II,ts'axwdiit,excel-3PL.II,ts'axw-3PL.II,ts'axw-diit,125
0,ROOT,t'am,mar,t'am,t'am,126
1,ROOT;3.II,t'amt,mark-3.II,t'am-3.II,t'am-t,126
2,ROOT;3PL.II,t'amdiit,mark-3PL.II,t'am-3PL.II,t'am-diit,126
3,ROOT;TR;2SG.II,t'amin,mark-TR-2SG.II,t'am-TR-2SG.II,t'am-i-n,126
0,ROOT,t'e,forget,t'e,t'ek,132
2,ROOT;3.II,t'ekt,forget-3.II,t'ek-3.II,t'ek-t,132
3,ROOT;1SG.II,t'agi'y,forget-1SG.II,t'ek-1SG.II,t'ak-'y,132
4,ROOT;TR;1SG.II,t'agi'y,forget-TR-1SG.II,t'ek-TR-1SG.II,t'ak-i-'y,132
0,ROOT,Gayt,hat,Gayt,g̲ayt,133
1,ROOT;3.II,Gaytt,hat-3.II,Gayt-3.II,g̲ayt-t,133
0,ROOT,Gooda,all.gone,Gooda,g̲ooda,134
1,ROOT;3.II,Goodat,all.gone-3.II,Gooda-3.II,g̲ooda-t,134
0,ROOT,maK,put,maK,mak̲,135
1,ROOT;PL,t'ahl,put.PL,t'ehl.PL,t'ahl,135
3,ROOT;3.II,maKt,put-3.II,maK-3.II,mak̲-t,135
4,ROOT;3PL.II,maKdiit,put-3PL.II,maK-3PL.II,mak̲-diit,135
5,ROOT;PL;3PL.II,t'ehldiit,put.PL-3PL.II,t'ehl.PL-3PL.II,t'ehl-diit,135
0,ROOT,ma'us,play,ma'us,ma'us,136
1,ROOT;PL,mihas'us,play.PL,mihas'us.PL,mihas'us,136
2,ROOT;1SG.II,ma'usi'y,play-1SG.II,ma'us-1SG.II,ma'us-'y,136
3,ROOT;PL;1PL.II,mas'usi'm,play.PL-1PL.II,mihas'us.PL-1PL.II,mihas'us-'m,136
4,ROOT;PL;2SG.II,mihas'usin,play.PL-2SG.II,mihas'us.PL-2SG.II,mihas'us-n,136
0,ROOT,GenX,path,GenX,g̲enx̲,138
1,ROOT;3.II,GenXt,path-3.II,GenX-3.II,g̲enx̲-t,138
0,ROOT,ts'atxw,sunny,ts'atxw,ts'atxw,139
1,ROOT;3.II,ts'atxwt,sunny-3.II,ts'atxw-3.II,ts'atxw-t,139
0,ROOT,hloXs,sun,hloXs,hlox̲s,140
1,ROOT;ATTR,hloXsa,sun-ATTR,hloXs-ATTR,hlox̲s-a,140
2,ROOT;3.II,hloXst,sun-3.II,hloXs-3.II,hlox̲s-t,140
1,ROOT,gudets',jacket,gwidats',gudets',143
2,ROOT;1SG.II,gudets'i'y,jacket-1SG.II,gwidats'-1SG.II,gudets'-'y,143
0,ROOT,la,fur,le,lax,144
2,ROOT;ATTR,laya,fur-ATTR,lex-ATTR,lax-a,144
3,ROOT;PL;SX,lixleyit,PL~fur-SX,PL~lex-SX,CVC~lex-it,144
0,ROOT,nibip,uncle,nibip,nibip,145
1,ROOT;1PL.II,nibibi'm,uncle-1PL.II,nibip-1PL.II,nibip-'m,145
2,ROOT;1SG.II,nibibi'y,uncle-1SG.II,nibip-1SG.II,nibip-'y,145
0,ROOT,algaX,speech,algaX,algax̲,149
1,ROOT;1PL.II,algaXa'm,speech-1PL.II,algaX-1PL.II,algax̲-'m,149
2,ROOT;3PL.II,algaXdiit,speech-3PL.II,algaX-3PL.II,algax̲-diit,149
0,ROOT,ts'uus,be.small,ts'uus,ts'uusx,150
2,ROOT;ATTR,ts'uusgim,be.small-ATTR,ts'uusx-ATTR,ts'uusk-m,150
4,ROOT;1SG.II,ts'uusgi'y,be.small-1SG.II,ts'uusx-1SG.II,ts'uusk-'y,150
0,ROOT,toost,belongings,toost,toost,151
2,ROOT;3PL.II,toosdiit,belongings-3PL.II,toost-3PL.II,toost-diit,151
0,ROOT,winee,food,winee,wineex,152
1,ROOT;3.II,wineext,food-3.II,wineex-3.II,wineex-t,152
0,ROOT,ts'in,enter,ts'in,ts'in,153
1,ROOT;3.II,ts'int,enter-3.II,ts'in-3.II,ts'in-t,153
2,ROOT;1SG.II,ts'ini'y,enter-1SG.II,ts'in-1SG.II,ts'in-'y,153
0,ROOT,noX,mother,noX,nox̲,154
1,ROOT;3.II,noXt,mother-3.II,noX-3.II,nox̲-t,154
2,ROOT;1PL.II,noXo'm,mother-1PL.II,noX-1PL.II,nox̲-'m,154
3,ROOT;3PL.II,noXdiit,mother-3PL.II,noX-3PL.II,nox̲-diit,154
4,ROOT;2SG.II,noXon,mother-2SG.II,noX-2SG.II,nox̲-n,154
7,ROOT;1SG.II,noXo'y,mother-1SG.II,noX-1SG.II,nox̲-'y,154
0,ROOT,gyoo,doc,gyoo,gyoo,158
1,ROOT;3.II,gyoot,dock-3.II,gyoo-3.II,gyoo-t,158
0,ROOT,tXalpX,four,tXalpX,tx̲alpx̲,159
1,ROOT;SX,tXalpXat,four-SX,tXalpX-SX,tx̲alpx̲-it,159
2,ROOT;1PL.II,tXalpXu'm,four-1PL.II,tXalpX-1PL.II,tx̲alpx̲-'m,159
0,ROOT,gehl,carve,gehl,gehl,160
2,ROOT;ATTR,gehlim,carve-ATTR,gehl-ATTR,gehl-m,160
1,ROOT,Gan,pole,pole,g̲an,161
2,ROOT;3.II,Gant,pole-3.II,pole-3.II,g̲an-t,161
3,ROOT;1PL.II,Gani'm,pole-1PL.II,pole-1PL.II,g̲an-'m,161
1,ROOT,k'uuhl,year,k'uuhl,k'uuhl,162
2,ROOT;PL,guk'uuhl,PL~year,PL~k'uuhl,CV~k'uuhl,162
0,ROOT,Xpts'exw,afraid,Xpts'exw,x̲pts'exw,163
1,ROOT;PL,Xbits'iixw,afraid.PL,Xbits'iixw.PL,x̲bits'iixw,163
2,ROOT;1SG.II,Xpts'ewi'y,afraid-1SG.II,Xpts'exw-1SG.II,x̲pts'exw-'y,163
0,ROOT,baas,fear,baas,baasx,164
1,ROOT;3PL.II,baasxdiit,fear-3PL.II,baasx-3PL.II,baasx-diit,164
2,ROOT;TR;1SG.II,baasxi'y,fear-TR-1SG.II,baasx-TR-1SG.II,baasx-i-'y,164
0,ROOT,baGadil,two.HUM,baGadil,bag̲adil,165
1,ROOT;SX,baGadilt,two.HUM-SX,baGadil-SX,bag̲adil-it,165
2,ROOT;3PL,baGadilda,two.HUM-3PL,baGadil-3PL,bag̲adil-da,165
3,ROOT;ATTR,baGadilim,two.HUM-ATTR,baGadil-ATTR,bag̲adil-m,165
4,ROOT;1PL.II,baGadili'm,two.HUM-1PL.II,baGadil-1PL.II,bag̲adil-'m,165
0,ROOT,t'aX,lake,t'aX,t'ax̲,166
1,ROOT;PL,dit'aX,PL~lake,PL~t'aX,CV~t'ax̲,166
2,ROOT;ATTR,t'aham,lake-ATTR,t'aX-ATTR,t'ax̲-m,166
3,ROOT;3.II,t'aXt,lake-3.II,t'aX-3.II,t'ax̲-t,166
4,ROOT;3PL.II,t'aXdiit,lake-3PL.II,t'aX-3PL.II,t'ax̲-diit,166
0,ROOT,laaGal,examine,laaGal,laag̲al,167
1,ROOT;3.II,laaGalt,examine-3.II,laaGal-3.II,laag̲al-t,167
0,ROOT,gyoo,move.in.water,gyoo,gyoo,168
1,ROOT;PL,loo,move.in.water.PL,loo.PL,loo,168
2,ROOT;3.II,gyoot,move.in.water-3.II,gyoo-3.II,gyoo-t,168
3,ROOT;PL;3.II,loot,move.in.water.PL-3.II,loo.PL-3.II,loo-t,168
4,ROOT;PL;3PL.II,loodiit,move.in.water.PL-3PL.II,loo.PL-3PL.II,loo-diit,168
0,ROOT,gilbil,two,gilbil,gilbil,169
1,ROOT;SX,gilbilt,two-SX,gilbil-SX,gilbil-it,169
0,ROOT,halaakw,do.something.to,halaakw,halaakw,170
2,ROOT;3PL.II,halaakwdiit,do.something.to-3PL.II,halaakw-3PL.II,halaakw-diit,170
0,ROOT,ayukws,crest,ayukws,ayukws,171
1,ROOT;ATTR,ayukwsim,crest-ATTR,ayukws-ATTR,ayukws-m,171
2,ROOT;3.II,ayukwst,crest-3.II,ayukws-3.II,ayukws-t,171
3,ROOT;1PL.II,ayukwsi'm,crest-1PL.II,ayukws-1PL.II,ayukws-'m,171
4,ROOT;3PL.II,ayukwsdiit,crest-3PL.II,ayukws-3PL.II,ayukws-diit,171
0,ROOT,ha'w,go.home,ha'w,ha'w,172
1,ROOT;3.II,ha'wit,go.home-3.II,ha'w-3.II,ha'w-t,172
4,ROOT;1PL.II,ha'wi'm,go.home-1PL.II,ha'w-1PL.II,ha'w-'m,172
5,ROOT;3PL.II,ha'wdiit,go.home-3PL.II,ha'w-3PL.II,ha'w-diit,172
6,ROOT;1SG.II,ha'wi'y,go.home-1SG.II,ha'w-1SG.II,ha'w-'y,172
0,ROOT,Goot,heart,Goot,g̲oot,173
1,ROOT;3.II,Goott,heart-3.II,Goot-3.II,g̲oot-t,173
2,ROOT;1PL.II,Goodi'm,heart-1PL.II,Goot-1PL.II,g̲oot-'m,173
3,ROOT;3PL.II,Gootdiit,heart-3PL.II,Goot-3PL.II,g̲oot-diit,173
4,ROOT;2SG.II,Goodin,heart-2SG.II,Goot-2SG.II,g̲oot-n,173
5,ROOT;1SG.II,Goodi'y,heart-1SG.II,Goot-1SG.II,g̲oot-'y,173
6,ROOT;PL;3.II,GaGoott,PL~heart-3.II,PL~Goot-3.II,CV~g̲oot-t,173
8,ROOT;PL;3PL.II,GaGootdiit,PL~heart-3PL.II,PL~Goot-3PL.II,CV~g̲oot-diit,173
0,ROOT,guslis,cross.child,guslis,guslis,174
2,ROOT;3PL.II,guslisdiit,cross.child-3PL.II,guslis-3PL.II,gwislis-diit,174
0,ROOT,jem,coo,jem,jem,177
2,ROOT;3PL.II,jemdiit,cook-3PL.II,jem-3PL.II,jem-diit,177
1,ROOT,helt,much,hilt,helt,180
2,ROOT;ATTR,heldim,much-ATTR,hilt-ATTR,helt-m,180
0,ROOT,hlibuu,few,hlibuu,hlibuu,181
1,ROOT;3.II,hlibuut,few-3.II,hlibuu-3.II,hlibuu-t,181
0,ROOT,is,pee,is,is,182
1,ROOT;3.II,ist,pee-3.II,is-3.II,is-t,182
0,ROOT,'maXs,pants,'maXs,'max̲s,183
1,ROOT;ATTR,'maXsim,pants-ATTR,'maXs-ATTR,'max̲s-m,183
2,ROOT;3.II,'maXst,pants-3.II,'maXs-3.II,'max̲s-t,183
0,ROOT,nigwoot,father,nigwoot,nigwoot,184
1,ROOT;3.II,nigwoott,father-3.II,nigwoot-3.II,nigwoot-t,184
2,ROOT;1PL.II,nigwoodi'm,father-1PL.II,nigwoot-1PL.II,nigwoot-'m,184
3,ROOT;3PL.II,nigwootdiit,father-3PL.II,nigwoot-3PL.II,nigwoot-diit,184
4,ROOT;1SG.II,nigwoodi'y,father-1SG.II,nigwoot-1SG.II,nigwoot-'y,184
0,ROOT,gwila,blanket,gwila,gwila,185
1,ROOT;3.II,gwilat,blanket-3.II,gwila-3.II,gwila-t,185
2,ROOT;PL;3PL.II,gwiiladiit,blanket.PL-3PL.II,_,gwiila-diit,185
0,ROOT,k'i'lixs,alone,k'i'lixs,k'i'lixs,186
1,ROOT;1PL.II,k'i'lixsi'm,alone-1PL.II,k'i'lixs-1PL.II,k'i'lixs-'m,186
0,ROOT,umKxw,dislike,umKxw,umk̲xw,188
1,ROOT;3.II,umKxwt,dislike-3.II,umKxw-3.II,umk̲xw-t,188
0,ROOT,jehl,eat.up,jehl,jehl,189
2,ROOT;3.II,jat,eat.up-3.II,jehl-3.II,jahl-t,189
3,ROOT;TR;3.II,jehlit,eat.up-TR-3.II,jehl-TR-3.II,jehl-i-t,189
4,ROOT;PL;TR;3.II,jisjahlit,PL~eat.up-TR-3.II,PL~jehl-TR-3.II,CVC~jahl-i-t,189
0,ROOT,etxw,call.out,etxw,etxw,192
1,ROOT;3PL.II,etxwdiit,call.out-3PL.II,etxw-3PL.II,etxw-diit,192
0,ROOT,miyuxws,good.smell,miyuxws,miyuxws,195
1,ROOT;3.II,miyuxwst,good.smell-3.II,miyuxws-3.II,miyuxws-t,195
0,ROOT,ts'ak',dish,ts'ak',ts'ak',196
1,ROOT;3.II,ts'ak't,dish-3.II,ts'ak'-3.II,ts'ak'-t,196
0,ROOT,'masxw,fart,'masxw,'masxw,198
1,ROOT;3.II,'masxwt,fart-3.II,'masxw-3.II,'masxw-t,198
0,ROOT,ts'ehlX,laugh,ts'ehlX,ts'ehlx̲,201
1,ROOT;PL,hishalaagaX,laugh.PL,hishalaagaX.PL,hishalaagax̲,201
2,ROOT;3PL.II,ts'ehlXdiit,laugh-3PL.II,ts'ehlX-3PL.II,ts'ehlx̲-diit,201
3,ROOT;PL;3PL.II,hishalaagaXdiit,laugh.PL-3PL.II,hishalaagaX.PL-3PL.II,hishalaagax̲-diit,201
0,ROOT,Gan,tree,Gan,g̲an,202
1,ROOT;PL,GanGan,PL~tree,PL~Gan,g̲an~g̲an,202
0,ROOT,gaks,peaceful,gaks,gaks,204
1,ROOT;3.II,gakst,peaceful-3.II,gaks-3.II,gaks-t,204
0,ROOT,xsaxw,go.out,xsaxw,xsaxw,206
1,ROOT;PL,xseeK,go.out.PL,xseeK.PL,xseek̲,206
2,ROOT;3.II,xsaxwt,go.out-3.II,xsaxw-3.II,xsaxw-t,206
3,ROOT;1SG.II,xsawi'y,go.out-1SG.II,xsaxw-1SG.II,xsaxw-'y,206
0,ROOT,woK,sleep,woK,wok̲,207
1,ROOT;PL,woowaX,sleep.PL,woowaX.PL,woowax̲,207
2,ROOT;3.II,woKt,sleep-3.II,woK-3.II,wok̲-t,207
3,ROOT;PL;1PL.II,woowaXa'm,sleep.PL-1PL.II,woowaX.PL-1PL.II,woowax̲-'m,207
0,ROOT,gi'y,look.for,gi'y,gi'y,210
1,ROOT;3.II,gi'yt,look.for-3.II,gi'y-3.II,gi'y-t,210
2,ROOT;PL;3PL.II,gigi'ydiit,PL~look.for-3PL.II,PL~gi'y-3PL.II,CV~gi'y-diit,210
0,ROOT,ban,belly,ben,ban,212
2,ROOT;3.II,bant,belly-3.II,ben-3.II,ban-t,212
0,ROOT,yooK,eat,yooK,yook̲,213
2,ROOT;PL,tXooK,eat.PL,tXooK.PL,tx̲ook̲,213
3,ROOT;3.II,gupt,eat-3.II,yooK-3.II,gup-t,213
4,ROOT;TR;3.II,gubit,eat-TR-3.II,yooK-TR-3.II,gup-i-t,213
0,ROOT,hahle'lst,wor,hahle'lst,hahle'lst,215
4,ROOT;SX,hahle'lsit,work-SX,hahle'lst-SX,hahle'ls-it,215
5,ROOT;3.II,hahle'lst,work-3.II,hahle'lst-3.II,hahle'ls-t,215
6,ROOT;1PL.II,hahla'lsdi'm,work-1PL.II,hahle'lst-1PL.II,hahla'lst-'m,215
8,ROOT;3PL.II,hahle'lsdiit,work-3PL.II,hahle'lst-3PL.II,hahle'ls-diit,215
10,ROOT;1SG.II,hahla'lsdi'y,work-1SG.II,hahle'lst-1SG.II,hahla'lst-'y,215
0,ROOT,sdil,accompany,sdil,sdil,216
1,ROOT;3.II,sdilt,accompany-3.II,sdil-3.II,sdil-t,216
2,ROOT;1PL.II,sdili'm,accompany-1PL.II,sdil-1PL.II,sdil-'m,216
3,ROOT;3PL.II,sdildiit,accompany-3PL.II,sdil-3PL.II,sdil-diit,216
1,ROOT,gwile'l,three,gwile'l,gwile'l,219
2,ROOT;SX,gwile'lt,three-SX,gwile'l-SX,gwile'l-it,219
0,ROOT,mail,mail,mail,mail,221
1,ROOT;1SG.II,mail'y,mail-1SG.II,mail-1SG.II,mail-'y,221
0,ROOT,t'ekw,twist,t'ekw,t'ekw,222
1,ROOT;3.II,t'ekwt,twist-3.II,t'ekw-3.II,t'ekw-t,222
0,ROOT,K'aK,open,K'aK,k̲'ak̲,224
1,ROOT;3.II,K'aKt,open-3.II,K'aK-3.II,k̲'ak̲-t,224
0,ROOT,nee,not.so,nee,nee,225
1,ROOT;3.II,neet,not.so-3.II,nee-3.II,nee-t,225
0,ROOT,office,office,office,office,228
1,ROOT;1SG.II,office'y,office-1SG.II,office-1SG.II,office-'y,228
0,ROOT,ts'uuts',bird,ts'uuts',ts'uuts',230
1,ROOT;3.II,ts'uuts't,bird-3.II,ts'uuts'-3.II,ts'uuts'-t,230
0,ROOT,looy,slow.swim,looy,looyk,233
1,ROOT;3.II,looykt,slow.swim-3.II,looyk-3.II,looyk-t,233
0,ROOT,Xbaa'w,jaw,Xbaa'w,x̲baa'w,236
1,ROOT;3.II,Xbaa'wt,jaw-3.II,Xbaa'w-3.II,x̲baa'w-t,236
0,ROOT,Getxw,difficult,Getxw,g̲etxw,238
1,ROOT;3.II,Getxwt,difficult-3.II,Getxw-3.II,g̲etxw-t,238
0,ROOT,hlo'o,appear,hlo'o,hlo'o,240
1,ROOT;3PL.II,hlo'odiit,appear-3PL.II,hlo'o-3PL.II,hlo'o-diit,240
1,ROOT,gwelkw,dry,gwelkw,gwelkw,242
3,ROOT;ATTR,gwelgwa,dry-ATTR,gwelkw-ATTR,gwelkw-a,242
4,ROOT;3.II,gwelkwt,dry-3.II,gwelkw-3.II,gwelkw-t,242
0,ROOT,Gaseexw,in.front.of,Gaseexw,g̲aseexw,246
1,ROOT;3.II,Gaseexwt,in.front.of-3.II,Gaseexw-3.II,g̲aseexw-t,246
0,ROOT,Xsdaa,win,Xsdaa,x̲sdaa,249
1,ROOT;SX,Xsdaat,win-SX,Xsdaa-SX,x̲sdaa-it,249
2,ROOT;3.II,Xsdaat,win-3.II,Xsdaa-3.II,x̲sdaa-t,249
3,ROOT;3PL.II,Xsdaadiit,win-3PL.II,Xsdaa-3PL.II,x̲sdaa-diit,249
0,ROOT,twa'lixs,mi,twa'lixs,twa'lixs,255
1,ROOT;3.II,twa'lixst,mix-3.II,twa'lixs-3.II,twa'lixs-t,255
0,ROOT,'man,rub,'man,'man,259
1,ROOT;3.II,'mant,rub-3.II,'man-3.II,'man-t,259
0,ROOT,mihl,burn,mihl,mihl,260
1,ROOT;3.II,mihlt,burn-3.II,mihl-3.II,mihl-t,260
0,ROOT,K'ots,cut,K'ots,k̲'ots,262
1,ROOT;ATTR,K'ojam,cut-ATTR,K'ots-ATTR,k̲'ots-m,262
2,ROOT;3.II,K'otst,cut-3.II,K'ots-3.II,k̲'ots-t,262
3,ROOT;3PL.II,K'otsdiit,cut-3PL.II,K'ots-3PL.II,k̲'ots-diit,262
0,ROOT,iksde,tasty,iksde,iksde,266
2,ROOT;3.II,iksdet,tasty-3.II,iksde-3.II,iksde-t,266
0,ROOT,Ge'n,chew,Ge'n,g̲e'n,269
1,ROOT;3PL.II,Ge'ndiit,chew-3PL.II,Ge'n-3PL.II,g̲e'n-diit,269
0,ROOT,yuuhlimX,advise,yuuhlimX,yuuhlimx̲,270
1,ROOT;3PL.II,yuuhlimXdiit,advise-3PL.II,yuuhlimX-3PL.II,yuuhlimx̲-diit,270
0,ROOT,ubin,pregnant,ubin,ubin,271
1,ROOT;3.II,ubint,pregnant-3.II,ubin-3.II,ubin-t,271
0,ROOT,aaK,mouth,aaK,aak̲,274
1,ROOT;3.II,aaKt,mouth-3.II,aaK-3.II,aak̲-t,274
0,ROOT,do'o,chee,do'o,do'o,275
1,ROOT;3.II,do'ot,cheek-3.II,do'o-3.II,do'o-t,275
0,ROOT,guseeK,show,guseeK,guseek̲,276
1,ROOT;PL,gwiiseeK,show.PL,gwiiseeK.PL,gwiiseek̲,276
2,ROOT;3.II,guseeKt,show-3.II,guseeK-3.II,guseek̲-t,276
3,ROOT;TR;3.II,guseeGat,show-TR-3.II,guseeK-TR-3.II,guseek̲-i-t,276
4,ROOT;PL;3.II,gwiiseeKt,show.PL-3.II,gwiiseeK.PL-3.II,gwiiseek̲-t,276
0,ROOT,bitxw,divorce,bitxw,bitxw,277
1,ROOT;SX,bitxwit,divorce-SX,bitxw-SX,bitxw-it,277
2,ROOT;ATTR,bitxum,divorce-ATTR,bitxw-ATTR,bitxw-m,277
0,ROOT,hlams,in.law,hlams,hlams,279
1,ROOT;3.II,hlamst,in.law-3.II,hlams-3.II,hlams-t,279
0,ROOT,gipaykw,fly,gipaykw,gipaykw,281
1,ROOT;PL,gipaykw,fly.PL,gipaykw.PL,gipaykw,281
2,ROOT;ATTR,gipaygum,fly-ATTR,gipaykw-ATTR,gipaykw-m,281
3,ROOT;3.II,gipaykwt,fly-3.II,gipaykw-3.II,gipaykw-t,281
4,ROOT;3PL.II,gipaykwdiit,fly-3PL.II,gipaykw-3PL.II,gipaykw-diit,281
5,ROOT;PL;3.II,gipaykwt,fly.PL-3.II,gipaykw.PL-3.II,gipaykw-t,281
0,ROOT,gidaX,as,gidaX,gidax̲,284
1,ROOT;3.II,gidaXt,ask-3.II,gidaX-3.II,gidax̲-t,284
2,ROOT;1PL.II,gidaXa'm,ask-1PL.II,gidaX-1PL.II,gidax̲-'m,284
3,ROOT;3PL.II,gidaXdiit,ask-3PL.II,gidaX-3PL.II,gidax̲-diit,284
5,ROOT;TR;3.II,gidaXat,ask-TR-3.II,gidaX-TR-3.II,gidax̲-i-t,284
0,ROOT,guxw,shoot,guxw,guxw,285
1,ROOT;3.II,guxwt,shoot-3.II,guxw-3.II,guxw-t,285
2,ROOT;TR;2SG.II,guxwin,shoot-TR-2SG.II,guxw-TR-2SG.II,guxw-i-n,285
0,ROOT,betl',plop,betl',betl',286
1,ROOT;ATTR,betl'a,plop-ATTR,betl'-ATTR,betl'-a,286
0,ROOT,lekw,firewood,lekw,lekw,290
1,ROOT;3PL.II,lekwdiit,firewood-3PL.II,lekw-3PL.II,lekw-diit,290
1,ROOT,hits,send,hets,hits,293
2,ROOT;1PL.II,hiji'm,send-1PL.II,hets-1PL.II,hits-'m,293
3,ROOT;PL;3PL.II,hashetsdiit,PL~send-3PL.II,PL~hets-3PL.II,CVC~hets-diit,293
4,ROOT;PL;TR;3.II,hashejit,PL~send-TR-3.II,PL~hets-TR-3.II,has~hets-i-t,293
0,ROOT,woK',di,woK',wok̲',294
1,ROOT;3.II,woK't,dig-3.II,woK'-3.II,wok̲'-t,294
2,ROOT;3PL.II,woK'diit,dig-3PL.II,woK'-3PL.II,wok̲'-diit,294
0,ROOT,gimxdi,opp.gender.siblin,gimxdi,gimxdi,295
1,ROOT;3.II,gimxdit,opp.gender.sibling-3.II,gimxdi-3.II,gimxdi-t,295
2,ROOT;3PL.II,gimxdiidiit,opp.gender.sibling-3PL.II,gimxdi-3PL.II,gimxdi-diit,295
0,ROOT,sip,bone,sip,sip,298
1,ROOT;PL;3.II,sisipt,PL~bone-3.II,PL~sip-3.II,CV~sip-t,298
0,ROOT,sGoo,so.much,sGoo,sg̲oo,299
1,ROOT;3.II,sGoot,so.much-3.II,sGoo-3.II,sg̲oo-t,299
0,ROOT,sdo'oks,beside,sdo'oks,sdo'oks,300
1,ROOT;3PL.II,sdo'oksdiit,beside-3PL.II,sdo'oks-3PL.II,sdo'oks-diit,300
0,ROOT,gwelk'ujaX,faint,gwelk'ujaX,gwelk'ujax̲,301
1,ROOT;3.II,gwelk'ujaXt,faint-3.II,gwelk'ujaX-3.II,gwelk'ujax̲-t,301
0,ROOT,lim,sin,lim,limx,302
2,ROOT;3.II,limxt,sing-3.II,limx-3.II,limx-t,302
3,ROOT;1PL.II,limixi'm,sing-1PL.II,limx-1PL.II,limix-'m,302
0,ROOT,aks,drin,aks,aks,303
1,ROOT;1PL.II,aksi'm,drink-1PL.II,aks-1PL.II,aks-'m,303
0,ROOT,del,fight,del,del,304
1,ROOT;1PL.II,deli'm,fight-1PL.II,del-1PL.II,del-'m,304
0,ROOT,gigiinuxw,pray,gigiinuxw,gigiinuxw,307
1,ROOT;3PL.II,gigiinuxwdiit,pray-3PL.II,gigiinuxw-3PL.II,gigiinuxw-diit,307
2,ROOT;2SG.II,gigiinuxwin,pray-2SG.II,gigiinuxw-2SG.II,gigiinuxw-n,307
0,ROOT,t'aahl,pick.berries,t'aahl,t'aahl,308
1,ROOT;3.II,t'aahlt,pick.berries-3.II,t'aahl-3.II,t'aahl-t,308
0,ROOT,is,soapberry,is,is,309
1,ROOT;1PL.II,isi'm,soapberry-1PL.II,is-1PL.II,is-'m,309
2,ROOT;2SG.II,isin,soapberry-2SG.II,is-2SG.II,is-n,309
0,ROOT,t'ehl,be.INAN,t'ehl,t'ehl,313
1,ROOT;3.II,t'et,be.INAN-3.II,t'ehl-3.II,t'ehl-t,313
0,ROOT,eets,fry,eets,eets,315
1,ROOT;ATTR,eejam,fry-ATTR,eets-ATTR,eets-m,315
0,ROOT,hlooK,wake.early,hlooK,hlook̲,318
1,ROOT;1PL.II,hlooGo'm,wake.early-1PL.II,hlooK-1PL.II,hlook̲-'m,318
0,ROOT,moohl,barrel,moohl,moohl,320
1,ROOT;1PL.II,moohli'm,barrel-1PL.II,moohl-1PL.II,moohl-'m,320
0,ROOT,Go'o,go.to,Go'o,g̲o'o,321
1,ROOT;2PL.II,Go'osi'm,go.to-2PL.II,Go'o-2PL.II,g̲o'o-si'm,321
2,ROOT;3PL.II,Go'odiit,go.to-3PL.II,Go'o-3PL.II,g̲o'o-diit,321
0,ROOT,mukw,ripe,mukw,mukw,323
1,ROOT;3.II,mukwt,ripe-3.II,mukw-3.II,mukw-t,323
0,ROOT,tK'esxw,charge,tK'esxw,tk̲'esxw,324
1,ROOT;PL,hap,charge.PL,hap.PL,hap,324
2,ROOT;3.II,tK'esxwt,charge-3.II,tK'esxw-3.II,tk̲'esxw-t,324
3,ROOT;TR;3.II,tK'esxwit,charge-TR-3.II,tK'esxw-TR-3.II,tk̲'esxw-i-t,324
4,ROOT;PL;3PL.II,hapdiit,charge.PL-3PL.II,hap.PL-3PL.II,hap-diit,324
0,ROOT,alisxw,wea,alisxw,alisxw,326
1,ROOT;PL,aliisxw,weak.PL,aliisxw.PL,aliisxw,326
2,ROOT;1PL.II,alisxu'm,weak-1PL.II,alisxw-1PL.II,alisxw-'m,326
3,ROOT;PL;1PL.II,aliisxu'm,weak.PL-1PL.II,aliisxw.PL-1PL.II,aliisxw-'m,326
0,ROOT,gwelgwaX,thirsty,gwelgwaX,gwelgwax̲,328
1,ROOT;1PL.II,gwelgwaXa'm,thirsty-1PL.II,gwelgwaX-1PL.II,gwelgwax̲-'m,328
0,ROOT,weli,pac,weli,welix,330
1,ROOT;3.II,welixt,pack-3.II,welix-3.II,welix-t,330
2,ROOT;PL;ATTR,huwelixim,PL~pack-ATTR,PL~welix-ATTR,CV~welix-m,330
0,ROOT,jayeehl,trap,jayeehl,jayeehl,335
1,ROOT;3.II,jayeehlt,trap-3.II,jayeehl-3.II,jayeehl-t,335
0,ROOT,dew,freeze,dew,dew,337
2,ROOT;PL,dewdew,PL~freeze,PL~dew,CVC~dew,337
3,ROOT;3.II,dawt,freeze-3.II,dew-3.II,daw-t,337
0,ROOT,hogaX,resemble,hogaX,hogax̲,339
1,ROOT;3.II,hogaXt,resemble-3.II,hogaX-3.II,hogax̲-t,339
2,ROOT;TR;3.II,hogaXat,resemble-TR-3.II,hogaX-TR-3.II,hogax̲-i-t,339
0,ROOT,meeX,spoil,meeX,meex̲,341
1,ROOT;3.II,meeXt,spoil-3.II,meeX-3.II,meex̲-t,341
0,ROOT,ts'e'l,face,ts'e'l,ts'e'l,344
1,ROOT;1SG.II,ts'e'li'y,face-1SG.II,ts'e'l-1SG.II,ts'e'l-'y,344
0,ROOT,K'ap,part,K'ap,k̲'ap,345
1,ROOT;3.II,K'apt,part-3.II,K'ap-3.II,k̲'ap-t,345
0,ROOT,ts'o'oXs,shoes,ts'o'oXs,ts'o'ox̲s,346
1,ROOT;3PL.II,ts'o'oXsdiit,shoes-3PL.II,ts'o'oXs-3PL.II,ts'o'ox̲s-diit,346
0,ROOT,men,remain,men,men,348
1,ROOT;SX,ment,remain-SX,men-SX,men-it,348
0,ROOT,adaawK,history,adaawK,adaawk̲,350
1,ROOT;3.II,adaawKt,history-3.II,adaawK-3.II,adaawk̲-t,350
0,ROOT,hlep,deep,hlep,hlep,352
1,ROOT;3.II,hlept,deep-3.II,hlep-3.II,hlep-t,352
0,ROOT,giis,be.wron,giis,giis,354
1,ROOT;3PL.II,giisdiit,be.wrong-3PL.II,giis-3PL.II,giis-diit,354
0,ROOT,gitxs,search,gitxs,gitxs,356
1,ROOT;3.II,gitxt,search-3.II,gitxs-3.II,gitxs-t,356
2,ROOT;PL;SX,gigitxsit,PL~search-SX,PL~gitxs-SX,gi~gitxs-it,356
3,ROOT;3PL.II,gitxsdiit,search-3PL.II,gitxs-3PL.II,gitxs-diit,356
0,ROOT,t'ipXaat,two.ANML,t'ipXaat,t'ipx̲aat,359
1,ROOT;SX,t'ipXaadit,two.ANML-SX,t'ipXaat-SX,t'ipx̲aat-it,359
0,ROOT,Ganaa'w,fro,Ganaa'w,g̲anaa'w,360
1,ROOT;3.II,Ganaa'wt,frog-3.II,Ganaa'w-3.II,g̲anaa'w-t,360
2,ROOT;1SG.II,Ganaa'wi'y,frog-1SG.II,Ganaa'w-1SG.II,g̲anaa'w-'y,360
0,ROOT,daGo'ot,elderly,daGo'ot,dag̲o'ot,361
1,ROOT;ATTR,daGo'odim,elderly-ATTR,daGo'ot-ATTR,dag̲o'ot-m,361
0,ROOT,miin,boss,miin,miin,365
1,ROOT;3.II,miint,boss-3.II,miin-3.II,miin-t,365
2,ROOT;3PL.II,miindiit,boss-3PL.II,miin-3PL.II,miin-diit,365
1,ROOT,alGal,watch,'alGal,alg̲al,366
2,ROOT;3.II,alGalt,watch-3.II,'alGal-3.II,alg̲al-t,366
3,ROOT;PL;3.II,al'alGalt,PL~watch-3.II,PL~'alGal-3.II,CVC~alg̲al-t,366
4,ROOT;PL;3PL.II,al'alGaldiit,PL~watch-3PL.II,PL~'alGal-3PL.II,[']al~'alg̲al-diit,366
0,ROOT,niye'e,grandfather,niye'e,niye'e,369
1,ROOT;3.II,niye'et,grandfather-3.II,niye'e-3.II,niye'e-t,369
2,ROOT;1SG.II,niye'e'y,grandfather-1SG.II,niye'e-1SG.II,niye'e-'y,369
0,ROOT,Ges,hair,Ges,g̲es,373
1,ROOT;3.II,Gest,hair-3.II,Ges-3.II,g̲es-t,373
0,ROOT,'win,tooth,'win,'win,375
1,ROOT;3.II,'wint,tooth-3.II,'win-3.II,'win-t,375
2,ROOT;3PL.II,'windiit,tooth-3PL.II,'win-3PL.II,'win-diit,375
0,ROOT,hlo'o,wal,hlo'o,hlo'o,376
1,ROOT;1PL.II,hlo'o'm,walk-1PL.II,hlo'o-1PL.II,hlo'o-'m,376
0,ROOT,'mukw,catch.fish,'mukw,'mukw,377
1,ROOT;3.II,'mukwt,catch.fish-3.II,'mukw-3.II,'mukw-t,377
0,ROOT,giikw,buy,giikw,giikw,380
1,ROOT;3PL.II,giikwdiit,buy-3PL.II,giikw-3PL.II,giikw-diit,380
0,ROOT,maGoon,origin,maGoon,mag̲oon,382
1,ROOT;3.II,maGoont,origin-3.II,maGoon-3.II,mag̲oon-t,382
0,ROOT,oo'y,ancient,oo'y,oo'y,387
1,PL;ROOT,la'oo'y,PL-ancient,PL-oo'y,li-oo'y,387
0,ROOT,t'ayksxw,turn/veer,t'ayksxw,t'ayksxw,392
1,ROOT;3PL.II,t'ayksxwdiit,turn/veer-3PL.II,t'ayksxw-3PL.II,t'ayksxw-diit,392
0,ROOT,'weesxw,bountiful,'weesxw,'weesxw,393
1,ROOT;3.II,'weesxwt,bountiful-3.II,'weesxw-3.II,'weesxw-t,393
0,ROOT,haboo'l,care.for,haboo'l,haboo'l,398
1,ROOT;3.II,haboo'lt,care.for-3.II,haboo'l-3.II,haboo'l-t,398
0,ROOT,seeX,set.watch.over,seeX,seex̲,402
1,ROOT;3PL.II,seeXdiit,set.watch.over-3PL.II,seeX-3PL.II,seex̲-diit,402
0,ROOT,'wa,reach,'wa,'wa,408
1,ROOT;3PL.II,'wadiit,reach-3PL.II,'wa-3PL.II,'wa-diit,408
0,ROOT,pdel,rise,pdel,pdel,412
1,ROOT;3.II,pdelt,rise-3.II,pdel-3.II,pdel-t,412
0,ROOT,dukhlinX,drown,dukhlinX,dukhlinx̲,413
1,ROOT;3.II,dukhlinXt,drown-3.II,dukhlinX-3.II,dukhlinx̲-t,413
0,ROOT,tK'am'u,body,tK'am'u,tk̲'am'u,415
1,ROOT;3.II,tK'am'ut,body-3.II,tK'am'u-3.II,tk̲'am'u-t,415
0,ROOT,wilksisxw,royal.child,wilksisxw,wilksisxw,420
1,ROOT;ATTR,wilksisxum,royal.child-ATTR,wilksisxw-ATTR,wilksisxw-m,420
0,ROOT,amks,clear,amks,amks,424
1,ROOT;3.II,amkst,clear-3.II,amks-3.II,amks-t,424
0,ROOT,Gos,jump,Gos,g̲os,429
1,ROOT;3.II,Gost,jump-3.II,Gos-3.II,g̲os-t,429
0,ROOT,hlimoo'lt,wrap,hlimoo'lt,hlimoo'lt,434
1,ROOT;3.II,hlimoo'ltt,wrap-3.II,hlimoo'lt-3.II,hlimoo'lt-t,434
2,ROOT;3PL.II,hlimoo'ldiit,wrap-3PL.II,hlimoo'lt-3PL.II,hlimoo'lt-diit,434
0,ROOT,ts'ee'w,interior,ts'ee'w,ts'ee'w,435
1,ROOT;ATTR,ts'ee'wa,interior-ATTR,ts'ee'w-ATTR,ts'ee'w-a,435
0,ROOT,maas,bar,maas,maas,438
1,ROOT;ATTR,maasa,bark-ATTR,maas-ATTR,maas-a,438
0,ROOT,Goyp'aX,bright,Goyp'aX,g̲oyp'ax̲,441
1,ROOT;3.II,Goyp'aXt,bright-3.II,Goyp'aX-3.II,g̲oyp'ax̲-t,441
0,ROOT,hilen,chase,hilen,hilen,442
1,ROOT;3PL.II,hilendiit,chase-3PL.II,hilen-3PL.II,hilen-diit,442
0,ROOT,Xhluxw,explode,Xhluxw,x̲hluxw,444
1,ROOT;3.II,Xhluxwt,explode-3.II,Xhluxw-3.II,x̲hluxw-t,444
0,ROOT,gem,hot,gem,gemk,445
1,ROOT;PL,lem,hot.PL,lemk.PL,lemk,445
2,ROOT;ATTR,gemgim,hot-ATTR,gemk-ATTR,gemk-m,445
3,ROOT;3.II,gemkt,hot-3.II,gemk-3.II,gemk-t,445
0,ROOT,wildigitxw,war,wildigitxw,wildigitxw,450
1,ROOT;SX,wildigitxwit,war-SX,wildigitxw-SX,wildigitxw-it,450
2,ROOT;3PL.II,wildigitxwdiit,war-3PL.II,wildigitxw-3PL.II,wildigitxw-diit,450
0,ROOT,ksisxw,cede,ksisxw,ksisxw,452
1,ROOT;3.II,ksisxwt,cede-3.II,ksisxw-3.II,ksisxw-t,452
0,ROOT,dep,measure,dep,dep,454
1,ROOT;3PL.II,depdiit,measure-3PL.II,dep-3PL.II,dep-diit,454
0,ROOT,maGoon,headwaters,maGoon,mag̲oon,457
1,ROOT;3.II,maGoont,headwaters-3.II,maGoon-3.II,mag̲oon-t,457
0,ROOT,amgiikw,hemloc,amgiikw,amgiikw,459
1,ROOT;ATTR,amgiigum,hemlock-ATTR,amgiikw-ATTR,amgiikw-m,459
0,ROOT,sdin,heavy,sdin,sdin,464
1,ROOT;3.II,sdint,heavy-3.II,sdin-3.II,sdin-t,464
0,ROOT,wilK,pile,wilK,wilk̲,471
1,ROOT;3PL.II,wilKdiit,pile-3PL.II,wilK-3PL.II,wilk̲-diit,471
0,ROOT,'yens,leaf,'yens,'yens,474
1,ROOT;ATTR,'yensa,leaf-ATTR,'yens-ATTR,'yens-a,474
2,ROOT;3.II,'yenst,leaf-3.II,'yens-3.II,'yens-t,474
0,ROOT,k'etsxw,arrive.by.boat,k'etsxw,k'etsxw,480
1,ROOT;3PL.II,k'etsxwdiit,arrive.by.boat-3PL.II,k'etsxw-3PL.II,k'etsxw-diit,480
0,ROOT,jiip,vanish,jiip,jiip,484
1,ROOT;3.II,jiipt,vanish-3.II,jiip-3.II,jiip-t,484
0,ROOT,ayukws,get.dressed,ayukws,ayukws,489
1,ROOT;3.II,ayukwst,get.dressed-3.II,ayukws-3.II,ayukws-t,489
0,ROOT,'mootxw,mob,'mootxw,'mootxw,490
1,ROOT;TR;3.II,'mootxwit,mob-TR-3.II,'mootxw-TR-3.II,'mootxw-i-t,490
0,ROOT,hahlut'aXhlxw,bubble,hahlut'aXhlxw,hahlut'ax̲hlxw,492
1,ROOT;3.II,hahlut'aXhlxwt,bubble-3.II,hahlut'aXhlxw-3.II,hahlut'ax̲hlxw-t,492
0,ROOT,t'ipXoo'lt,seven,t'ipXoo'lt,t'ipx̲oo'lt,499
1,ROOT;SX,t'ipXoo'ldit,seven-SX,t'ipXoo'lt-SX,t'ipx̲oo'lt-it,499
0,ROOT,K'oo'lt,si,K'oo'lt,k̲'oo'lt,500
1,ROOT;SX,K'oo'ldit,six-SX,K'oo'lt-SX,k̲'oo'lt-it,500
0,ROOT,xdaa,mattress,xdaa,xdaa,505
1,ROOT;3PL.II,xdaadiit,mattress-3PL.II,xdaa-3PL.II,xdaa-diit,505
0,ROOT,olaX,fast.pace,olaX,olax̲,510
1,ROOT;PL;SX,hal'olaXat,PL~fast.pace-SX,PL~olaX-SX,CVC~olax̲-it,510
0,ROOT,hit',stic,hit',hit',515
1,ROOT;PL;3.II,hithit't,PL~stick-3.II,PL~hit'-3.II,CVC~hit'-t,515
0,ROOT,Xsiks,fast.current,Xsiks,x̲siks,516
1,ROOT;3.II,Xsikst,fast.current-3.II,Xsiks-3.II,x̲siks-t,516
0,ROOT,gutXa'oo,cross.cousin,gutXa'oo,gutx̲a'oo,518
1,ROOT;3.II,gutXa'oot,cross.cousin-3.II,gutXa'oo-3.II,gutx̲a'oo-t,518
0,ROOT,gup,eat.I,gup,gup,526
1,ROOT;3.II,gupt,eat.I-3.II,gup-3.II,gup-t,526
2,ROOT;3PL.II,gupdiit,eat.I-3PL.II,gup-3PL.II,gup-diit,526
3,ROOT;TR;3.II,gubit,eat.I-TR-3.II,gup-TR-3.II,gup-i-t,526
4,ROOT;TR;1SG.II,gubi'y,eat.I-TR-1SG.II,gup-TR-1SG.II,gup-i-'y,526
5,ROOT;TR;1PL.II,gubi'm,eat.I-TR-1PL.II,gup-TR-1PL.II,gup-i-'m,526
0,ROOT,haky'o'o,back.II,haky'o'o,haky'o'o,544
1,ROOT;3.II,haky'o'ot,back.II-3.II,haky'o'o-3.II,haky'o'o-t,544
0,ROOT,ts'ee,be.full.II,ts'ee,ts'eex,546
1,ROOT;3.II,ts'eext,be.full.II-3.II,ts'eex-3.II,ts'eex-t,546
0,ROOT,ts'u'win,tip.I,ts'u'win,ts'u'win,549
1,ROOT;3.II,ts'u'wint,tip.I-3.II,ts'u'win-3.II,ts'u'win-t,549
0,ROOT,ga'a,see.I,ga'a,ga'a,554
1,ROOT;3.II,ga'at,see.I-3.II,ga'a-3.II,ga'a-t,554
2,ROOT;1PL.II,ga'a'm,see.I-1PL.II,ga'a-1PL.II,ga'a-'m,554
3,ROOT;3PL.II,ga'adiit,see.I-3PL.II,ga'a-3PL.II,ga'a-diit,554
4,ROOT;1SG.II,ga'a'y,see.I-1SG.II,ga'a-1SG.II,ga'a-'y,554
5,ROOT;TR;3.II,ga'at,see.I-TR-3.II,ga'a-TR-3.II,ga'a-i-t,554
6,ROOT;TR;1SG.II,ga'a'y,see.I-TR-1SG.II,ga'a-TR-1SG.II,ga'a-i-'y,554
7,ROOT;TR;1PL.II,ga'a'm,see.I-TR-1PL.II,ga'a-TR-1PL.II,ga'a-i-'m,554
8,ROOT;PL;3PL.II,gitga'adiit,PL~see.I-3PL.II,PL~ga'a-3PL.II,git~ga'a-diit,554
0,ROOT,ga',see.II,ga',ga',555
1,ROOT;TR;3.II,ga'at,see.II-TR-3.II,ga'-TR-3.II,ga'-a-t,555
0,ROOT,ts'iip,tie.I,ts'iip,ts'iip,559
1,ROOT;TR;3.II,ts'iibit,tie.I-TR-3.II,ts'iip-TR-3.II,ts'iip-i-t,559
0,ROOT,dekhl,tie.II,dekhl,dekhl,560
1,ROOT;3PL.II,dekhldiit,tie.II-3PL.II,dekhl-3PL.II,dekhl-diit,560
0,ROOT,yukw,move.II,yukw,yukw,562
1,ROOT;3PL.II,yukwdiit,move.II-3PL.II,yukw-3PL.II,yukw-diit,562
0,ROOT,k'i'y,one.I,k'i'y,k'i'y,564
1,ROOT;SX,k'i'yt,one.I-SX,k'i'y-SX,k'i'y-it,564
0,ROOT,Xa'ni,hear.I,Xa'ni,x̲a'ni,565
1,ROOT;3.II,Xa'nit,hear.I-3.II,Xa'ni-3.II,x̲a'ni-t,565
2,ROOT;TR;1SG.II,Xa'nii'y,hear.I-TR-1SG.II,Xa'ni-TR-1SG.II,x̲a'ni-i-'y,565
0,ROOT,laX'ni,hear.II,laX'ni,lax̲'ni,566
1,ROOT;3PL.II,laX'nidiit,hear.II-3PL.II,laX'ni-3PL.II,lax̲'ni-diit,566
0,ROOT,naX'ni,hear.III,naX'ni,nax̲'ni,567
1,ROOT;3PL.II,naX'nidiit,hear.III-3PL.II,naX'ni-3PL.II,nax̲'ni-diit,567
2,ROOT;TR;3.II,naX'niyit,hear.III-TR-3.II,naX'ni-TR-3.II,nax̲'ni-i-t,567
0,ROOT,waatxw,cry.I,waatxw,waatxw,568
1,ROOT;SX,waatxwit,cry.I-SX,waatxw-SX,waatxw-it,568
2,ROOT;3.II,waatxwt,cry.I-3.II,waatxw-3.II,waatxw-t,568
3,ROOT;3PL.II,waatxwdiit,cry.I-3PL.II,waatxw-3PL.II,waatxw-diit,568
0,ROOT,wiyitxw,cry.II,wiyitxw,wiyitxw,569
2,ROOT;3.II,wiyitxwt,cry.II-3.II,wiyitxw-3.II,wiyitxw-t,569
4,ROOT;3PL.II,wiyitxwdiit,cry.II-3PL.II,wiyitxw-3PL.II,wiyitxw-diit,569
0,ROOT,t'ihlxw,child.I,t'ihlxw,t'ihlxw,570
2,ROOT;ATTR,t'ihlxum,child.I-ATTR,t'ihlxw-ATTR,t'ihlxw-m,570
0,ROOT,uu'w,invite.I,uu'w,uu'w,571
1,ROOT;3PL.II,uu'wdiit,invite.I-3PL.II,uu'w-3PL.II,uu'w-diit,571
0,ROOT,yee,go.I,yee,yee,575
1,ROOT;SX,yeet,go.I-SX,yee-SX,yee-it,575
2,ROOT;3.II,yeet,go.I-3.II,yee-3.II,yee-t,575
3,ROOT;1PL.II,yee'm,go.I-1PL.II,yee-1PL.II,yee-'m,575
4,ROOT;1SG.II,yee'y,go.I-1SG.II,yee-1SG.II,yee-'y,575
0,ROOT,gwila,blanket.I,gwila,gwila,577
1,ROOT;3.II,gwilat,blanket.I-3.II,gwila-3.II,gwila-t,577
2,ROOT;1PL.II,gwila'm,blanket.I-1PL.II,gwila-1PL.II,gwila-'m,577
3,ROOT;3PL.II,gwiladiit,blanket.I-3PL.II,gwila-3PL.II,gwila-diit,577
4,ROOT;2SG.II,gwilan,blanket.I-2SG.II,gwila-2SG.II,gwila-n,577
0,ROOT,anooK,like.I,anooK,anook̲,579
1,ROOT;3PL.II,anooKdiit,like.I-3PL.II,anooK-3PL.II,anook̲-diit,579
0,ROOT,nooK,like.II,nooK,nook̲,580
1,ROOT;1SG.II,nooGa'y,like.II-1SG.II,nooK-1SG.II,nook̲-'y,580
0,ROOT,gwelXyee'ns,pass.down.II,gwelXyee'ns,gwelx̲yee'ns,598
1,ROOT;ATTR,gwelXyee'nsim,pass.down.II-ATTR,gwelXyee'ns-ATTR,gwelx̲yee'ns-m,598
0,ROOT,baK,try.I,baK,bak̲,599
1,ROOT;3.II,baKt,try.I-3.II,baK-3.II,bak̲-t,599
2,ROOT;3PL.II,baKdiit,try.I-3PL.II,baK-3PL.II,bak̲-diit,599
3,ROOT;TR;1SG.II,baGa'y,try.I-TR-1SG.II,baK-TR-1SG.II,bak̲-a-'y,599
4,ROOT;TR;1PL.II,baGa'm,try.I-TR-1PL.II,baK-TR-1PL.II,bak̲-i-'m,599
0,ROOT,da'aKhlxw,able.I,da'aKhlxw,da'ak̲hlxw,602
2,ROOT;3PL.II,da'aKhlxwdiit,able.I-3PL.II,da'aKhlxw-3PL.II,da'ak̲hlxw-diit,602
3,ROOT;2SG.II,da'aKhlxwin,able.I-2SG.II,da'aKhlxw-2SG.II,da'ak̲hlxw-n,602
4,ROOT;1SG.II,da'aKhlxwi'y,able.I-1SG.II,da'aKhlxw-1SG.II,da'ak̲hlxw-'y,602
0,ROOT,yukw,feast.II,yukw,yukw,604
1,ROOT;3.II,yukwt,feast.II-3.II,yukw-3.II,yukw-t,604
0,ROOT,t'uu'w,feast.III,t'uu'w,t'uu'w,606
1,ROOT;3PL.II,t'uu'wdiit,feast.III-3PL.II,t'uu'w-3PL.II,t'uu'w-diit,606
0,ROOT,yim,smell.II,yim,yim,610
1,ROOT;3.II,yimt,smell.II-3.II,yim-3.II,yim-t,610
0,ROOT,Gos,unable.I,Gos,g̲os,619
1,ROOT;3.II,Gost,unable.I-3.II,Gos-3.II,g̲os-t,619
2,ROOT;TR;1PL.II,Gosi'm,unable.I-TR-1PL.II,Gos-TR-1PL.II,g̲os-i-'m,619
1,ROOT,yets,hit.I,yets,yets,621
2,ROOT;PL;3PL.II,hisyetsdiit,PL~hit.I-3PL.II,PL~yets-3PL.II,CVC~yets-diit,621
0,ROOT,t'is,hit.II,t'is,t'is,622
1,ROOT;3PL.II,t'isdiit,hit.II-3PL.II,t'is-3PL.II,t'is-diit,622
0,ROOT,aKhlxw,attain.I,aKhlxw,ak̲hlxw,624
1,ROOT;3.II,aKhlxwt,attain.I-3.II,aKhlxw-3.II,ak̲hlxw-t,624
0,ROOT,huks,join.I,huks,huks,632
1,ROOT;2SG.II,huksin,join.I-2SG.II,huks-2SG.II,huks-n,632
2,ROOT;1SG.II,huksi'y,join.I-1SG.II,huks-1SG.II,huks-'y,632
1,ROOT,hligu,relative.I,hligwi,hligu,635
2,ROOT;1PL.II,hligu'm,relative.I-1PL.II,hligwi-1PL.II,hligu-'m,635
0,ROOT,a'laX,angry.I,a'laX,a'lax̲,638
1,ROOT;3.II,a'laXt,angry.I-3.II,a'laX-3.II,a'lax̲-t,638
2,ROOT;1PL.II,a'laXa'm,angry.I-1PL.II,a'laX-1PL.II,a'lax̲-'m,638
3,ROOT;3PL.II,a'laXdiit,angry.I-3PL.II,a'laX-3PL.II,a'lax̲-diit,638
4,ROOT;2SG.II,a'laXan,angry.I-2SG.II,a'laX-2SG.II,a'lax̲-n,638
0,ROOT,hlXo'o,pay.I,hlXo'o,hlx̲o'o,639
1,ROOT;3PL.II,hlXo'odiit,pay.I-3PL.II,hlXo'o-3PL.II,hlx̲o'o-diit,639
0,ROOT,tXo'o,pay.II,tXo'o,tx̲o'o,640
1,ROOT;3PL.II,tXo'odiit,pay.II-3PL.II,tXo'o-3PL.II,tx̲o'o-diit,640
0,ROOT,laK,fall.II,laK,lak̲,641
1,ROOT;PL,laXlaK,PL~fall.II,PL~laK,CVC~lak̲,641
0,ROOT,hap,cover.I,hap,hap,646
1,ROOT;3.II,hapt,cover.I-3.II,hap-3.II,hap-t,646
2,ROOT;3PL.II,hapdiit,cover.I-3PL.II,hap-3PL.II,hap-diit,646
0,ROOT,ts'u'win,tip,ts'u'win,ts'u'win,655
1,ROOT;3.II,ts'u'wint,tip-3.II,ts'u'win-3.II,ts'u'win-t,655
0,ROOT,ga'a,see,ga'a,ga'a,656
1,ROOT;3.II,ga'at,see-3.II,ga'a-3.II,ga'a-t,656
0,ROOT,gyooks,float,gyooks,gyooks,657
1,ROOT;3.II,gyookst,float-3.II,gyooks-3.II,gyooks-t,657
0,ROOT,yukw,move,yukw,yukw,658
2,ROOT;3.II,yukwt,move-3.II,yukw-3.II,yukw-t,658
0,ROOT,k'i'y,one,k'i'y,k'i'y,659
1,ROOT;3.II,k'i'yt,one-3.II,k'i'y-3.II,k'i'y-t,659
0,ROOT,waatxw,cry,waatxw,waatxw,660
1,ROOT;3.II,waatxwt,cry-3.II,waatxw-3.II,waatxw-t,660
0,ROOT,uu'w,invite,uu'w,uu'w,661
1,ROOT;3.II,uu'wt,invite-3.II,uu'w-3.II,uu'w-t,661
0,ROOT,Gado'o,behind,Gado'o,g̲ado'o,662
2,ROOT;3.II,Gado'ot,behind-3.II,Gado'o-3.II,g̲ado'o-t,662
0,ROOT,naX'ni,hear,naX'ni,nax̲'ni,664
2,ROOT;3.II,naX'nit,hear-3.II,naX'ni-3.II,nax̲'ni-t,664
0,ROOT,yets,hit,yets,yets,665
1,ROOT;3.II,yetst,hit-3.II,yets-3.II,yets-t,665
2,ROOT;PL;3.II,hisyetst,PL~hit-3.II,PL~yets-3.II,CVC~yets-t,665
0,ROOT,nee,lac,nee,nee,667
1,ROOT;3.II,neet,lack-3.II,nee-3.II,nee-t,667
0,ROOT,hliguu,relative,hliguu,hliguu,670
1,ROOT;3.II,hliguut,relative-3.II,hliguu-3.II,hliguu-t,670
0,ROOT,sa'apt'i,amongst,sa'apt'i,sa'apt'i,671
1,ROOT;3.II,sa'apt'it,amongst-3.II,sa'apt'i-3.II,sa'apt'i-t,671
0,ROOT,a'laX,angry,a'laX,a'lax̲,674
2,ROOT;3.II,a'laXt,angry-3.II,a'laX-3.II,a'lax̲-t,674
0,ROOT,anooK,like,anooK,anook̲,678
1,ROOT;3.II,anooKt,like-3.II,anooK-3.II,anook̲-t,678
0,ROOT,haky'o'o,bac,haky'o'o,haky'o'o,682
1,ROOT;3.II,haky'o'ot,back-3.II,haky'o'o-3.II,haky'o'o-t,682
0,ROOT,silkw,middle,silkw,silkw,683
1,ROOT;3.II,silkwt,middle-3.II,silkw-3.II,silkw-t,683
0,ROOT,hap,cover,hap,hap,684
1,ROOT;3.II,hapt,cover-3.II,hap-3.II,hap-t,684
0,ROOT,tK'a,skin,tK'a,tk̲'a,689
2,ROOT;3.II,tK'at,skin-3.II,tK'a-3.II,tk̲'a-t,689
0,ROOT,anhe,NMLZ-say,an-he,an-he,691
1,ROOT;3.II,anhet,NMLZ-say-3.II,an-he-3.II,an-he-t,691
2,ROOT;1SG.II,anhee'y,NMLZ-say-1SG.II,an-he-1SG.II,an-he-'y,691
1,ROOT,siwa,CAUS1-name,si-we,si-wa,692
2,ROOT;TR;3.II,siwadit,CAUS1-name-TR-3.II,si-we-TR-3.II,si-wa-t-i-t,692
0,ROOT,sisatxw,CAUS1-lucky,si-satxw,si-satxw,693
1,ROOT;3PL.II,sisatxwdiit,CAUS1-lucky-3PL.II,si-satxw-3PL.II,si-satxw-diit,693
0,ROOT,didalK,COM-spea,di-delK,di-dalk̲,694
2,ROOT;3.II,didelKt,COM-speak-3.II,di-delK-3.II,di-delk̲-t,694
3,ROOT;3PL.II,didelKdiit,COM-speak-3PL.II,di-delK-3PL.II,di-delk̲-diit,694
4,ROOT;TR;2SG.II,didalGan,COM-speak-TR-2SG.II,di-delK-TR-2SG.II,di-dalk̲-i-n,694
0,ROOT,sit'aa,CAUS1-sit,si-t'aa,si-t'aa,695
1,ROOT;PL,siwen,CAUS1-sit.PL,si-wen.PL,si-wen,695
2,ROOT;3PL.II,sit'aadiit,CAUS1-sit-3PL.II,si-t'aa-3PL.II,si-t'aa-diit,695
3,ROOT;PL;3PL.II,siwendiit,CAUS1-sit.PL-3PL.II,si-wen.PL-3PL.II,si-wen-diit,695
0,ROOT,anjoK,NMLZ-dwell,an-joK,an-jok̲,696
1,ROOT;3.II,anjoKt,NMLZ-dwell-3.II,an-joK-3.II,an-jok̲-t,696
0,ROOT,sa'anjoK,CAUS1-NMLZ-dwell,sa-'an-joK,sa-'an-jok̲,699
2,ROOT;3PL.II,sa'anjoKdiit,CAUS1-NMLZ-dwell-3PL.II,sa-'an-joK-3PL.II,sa-'an-jok̲-diit,699
0,ROOT,sianjap,CAUS1-NMLZ-make,si-an-jap,si-an-jap,700
1,ROOT;3PL.II,sa'anjapdiit,CAUS1-NMLZ-make-3PL.II,si-an-jap-3PL.II,si-an-jap-diit,700
0,ROOT,diha'w,COM-go.home,di-ha'w,di-ha'w,702
1,ROOT;3.II,daha'wit,COM-go.home-3.II,di-ha'w-3.II,di-ha'w-t,702
3,ROOT;3PL.II,daha'wdiit,COM-go.home-3PL.II,di-ha'w-3PL.II,di-ha'w-diit,702
0,ROOT,silim,CAUS1-son,si-lim,si-limx,704
2,ROOT;3PL.II,silimxdiit,CAUS1-song-3PL.II,si-limx-3PL.II,si-limx-diit,704
0,ROOT,sityeexw,CAUS1-change,si-tyeexw,si-tyeexw,705
1,ROOT;3PL.II,sityeexwdiit,CAUS1-change-3PL.II,si-tyeexw-3PL.II,si-tyeexw-diit,705
2,ROOT;TR;3.II,sityeewit,CAUS1-change-TR-3.II,si-tyeexw-TR-3.II,si-tyeexw-i-t,705
0,ROOT,hitin,stand-CAUS2,hit-in,hit-in,707
2,ROOT;3.II,hidint,stand-CAUS2-3.II,hit-in-3.II,hit-in-t,707
3,ROOT;3PL.II,hedindiit,stand-CAUS2-3PL.II,hit-in-3PL.II,het-in-diit,707
4,ROOT;PL;3.II,lidint,stand.PL-CAUS2-3.II,_,lit-in-t,707
5,ROOT;PL;3PL.II,lidindiit,stand.PL-CAUS2-3PL.II,_,lit-in-diit,707
0,ROOT,anhahla'lst,NMLZ-wor,an-hahla'lst,an-hahla'lst,711
1,ROOT;1SG.II,anhahla'lsdi'y,NMLZ-work-1SG.II,an-hahla'lst-1SG.II,an-hahla'lst-'y,711
0,ROOT,kw'esin,break-CAUS2,kw'es-in,kw'es-in,713
2,ROOT;3.II,kw'asint,break-CAUS2-3.II,kw'es-in-3.II,kw'as-in-t,713
3,ROOT;TR;1SG.II,kw'esini'y,break-CAUS2-TR-1SG.II,kw'es-in-TR-1SG.II,kw'es-in-i-'y,713
0,ROOT,an'ixw,NMLZ-line.fish,an-ixw,an-ixw,714
2,ROOT;3.II,an'ixwt,NMLZ-line.fish-3.II,an-ixw-3.II,an-ixw-t,714
1,ROOT,andap,NMLZ-measure,an-dep,an-dap,718
2,ROOT;ATTR,andabim,NMLZ-measure-ATTR,an-dep-ATTR,an-dap-m,718
0,ROOT,bahlXin,straight-CAUS2,bahlX-in,bahlx̲-in,721
1,ROOT;3.II,bahlXant,straight-CAUS2-3.II,bahlX-in-3.II,bahlx̲-in-t,721
0,ROOT,t'ak'in,fold-CAUS2,t'ak'-in,t'ak'-in,723
1,ROOT;3.II,t'ak'int,fold-CAUS2-3.II,t'ak'-in-3.II,t'ak'-in-t,723
1,ROOT,di'witxw,COM-arrive,di-kw'itxw,di-'witxw,724
2,ROOT;PL,dibekw,COM-arrive.PL,di-bekw.PL,di-bekw,724
4,ROOT;3PL.II,di'witxwdiit,COM-arrive-3PL.II,di-kw'itxw-3PL.II,di-'witxw-diit,724
5,ROOT;TR;3.II,da'witxwit,COM-arrive-TR-3.II,di-kw'itxw-TR-3.II,di-'witxw-i-t,724
6,ROOT;PL;3.II,dibekwt,COM-arrive.PL-3.II,di-bekw.PL-3.II,di-bekw-t,724
8,ROOT;PL;3PL.II,dibakwdiit,COM-arrive.PL-3PL.II,di-bekw.PL-3PL.II,di-bakw-diit,724
9,ROOT;PL;TR;3.II,dibegwit,COM-arrive.PL-TR-3.II,di-bekw.PL-TR-3.II,di-bekw-i-t,724
0,ROOT,saksin,clean-CAUS2,seks-in,saks-in,725
2,ROOT;3.II,saksint,clean-CAUS2-3.II,seks-in-3.II,saks-in-t,725
0,ROOT,anjap,NMLZ-make,an-jap,an-jap,727
1,ROOT;3.II,anjapt,NMLZ-make-3.II,an-jap-3.II,an-jap-t,727
0,ROOT,'mits'in,squeeze-CAUS2,'mits'-in,'mits'-in,730
1,ROOT;3PL.II,'mits'indiit,squeeze-CAUS2-3PL.II,'mits'-in-3PL.II,'mits'-in-diit,730
0,ROOT,dulbin,near-CAUS2,dulb-in,dulb-in,732
2,ROOT;3.II,dulbint,near-CAUS2-3.II,dulb-in-3.II,dulp-in-t,732
0,ROOT,ansgi,NMLZ-lie.on,an-sgi,an-sgi,733
1,ROOT;3.II,ansgit,NMLZ-lie.on-3.II,an-sgi-3.II,an-sgi-t,733
0,ROOT,t'aain,sit-CAUS2,t'aa-in,t'aa-in,734
1,ROOT;3PL.II,t'aadindiit,sit-CAUS2-3PL.II,t'aa-in-3PL.II,t'aa-in-diit,734
0,ROOT,silget,COM-people,sil-get,sil-get,738
1,ROOT;1PL.II,silgedi'm,COM-people-1PL.II,sil-get-1PL.II,sil-get-'m,738
2,ROOT;3PL.II,silgetdiit,COM-people-3PL.II,sil-get-3PL.II,sil-get-diit,738
0,ROOT,kw'ootin,lost-CAUS2,kw'oot-in,kw'oot-in,739
1,ROOT;TR;1PL.II,kw'oodini'm,lost-CAUS2-TR-1PL.II,kw'oot-in-TR-1PL.II,kw'oot-in-i-'m??=?,739
0,ROOT,iksdein,tasty-CAUS2,iksde-in,iksde-in,741
1,ROOT;3.II,iksdedint,tasty-CAUS2-3.II,iksde-in-3.II,iksde-in-t,741
0,ROOT,Xanaa,EXPR-bread,X-anaa,x̲-anaax,742
1,ROOT;1PL.II,Xa'naayi'm,EXPR-bread-1PL.II,X-anaax-1PL.II,x̲-anaax-'m,742
0,ROOT,k'eeKin,flee-CAUS2,k'eeK-in,k'eek̲-in,743
1,ROOT;1PL.II,k'eeGani'm,flee-CAUS2-1PL.II,k'eeK-in-1PL.II,k'eek̲-in-'m,743
2,ROOT;PL;3PL.II,huudindiit,flee.PL-CAUS2-3PL.II,_,huut-in-diit,743
3,ROOT;PL;TR;1PL.II,huudini'm,flee.PL-CAUS2-TR-1PL.II,_,huut-in-i-'m,743
0,ROOT,didi'y,COM-look.after,di-di'y,di-di'y,744
1,ROOT;3PL.II,didi'ydiit,COM-look.after-3PL.II,di-di'y-3PL.II,di-di'y-diit,744
0,ROOT,asdin,PFX-heavy,a-sdin,a-sdin,745
1,ROOT;3.II,asdint,PFX-heavy-3.II,a-sdin-3.II,a-sdin-t,745
0,ROOT,ant'aahl,NMLZ-pick.berries,an-t'aahl,an-t'aahl,746
1,ROOT;3.II,ant'aat,NMLZ-pick.berries-3.II,an-t'aahl-3.II,an-t'aahl-t,746
0,ROOT,Xmaa'y,EXPR-berry,X-maa'y,x̲-maa'y,747
1,ROOT;1PL.II,Xmaa'yi'm,EXPR-berry-1PL.II,X-maa'y-1PL.II,x̲-maa'y-'m,747
0,ROOT,simaa'y,CAUS1-berry,si-maa'y,si-maa'y,748
1,ROOT;1PL.II,simaa'yi'm,CAUS1-berry-1PL.II,si-maa'y-1PL.II,si-maa'y-'m,748
0,ROOT,didilst,COM-live,di-dilst,di-dilst,750
1,ROOT;3PL.II,didilsdiit,COM-live-3PL.II,di-dilst-3PL.II,di-dilst-diit,750
0,ROOT,XsdemK,PFX-exert,Xs-demK,x̲s-demk̲,752
2,ROOT;ATTR,XsdemGam,PFX-exert-ATTR,Xs-demK-ATTR,x̲s-demk̲-m,752
0,ROOT,hooyin,use-CAUS2,hooy-in,hooy-in,753
1,ROOT;3PL.II,hooyindiit,use-CAUS2-3PL.II,hooy-in-3PL.II,hooy-in-diit,753
0,ROOT,baXin,run-CAUS2,baX-in,bax̲-in,755
1,ROOT;1PL.II,bahani'm,run-CAUS2-1PL.II,baX-in-1PL.II,bax̲-in-'m,755
0,ROOT,Goodain,all.gone-CAUS2,Gooda-in,g̲ooda-in,756
1,ROOT;1PL.II,Goodini'm,all.gone-CAUS2-1PL.II,Gooda-in-1PL.II,g̲ooda-in-'m,756
2,ROOT;PL;3PL.II,GatGoodindiit,PL~all.gone-CAUS2-3PL.II,PL~Gooda-in-3PL.II,CVC~g̲ooda-in-diit,756
0,ROOT,ansdo'o,NMLZ-half,an-sdo'o,an-sdo'o,758
1,ROOT;3.II,ansdo'ot,NMLZ-half-3.II,an-sdo'o-3.II,an-sdo'o-t,758
0,ROOT,sihlguuhlxw,CAUS1-offsprin,si-hlguuhlxw,si-hlguuhlxw,759
1,ROOT;3.II,sihlguuhlxwt,CAUS1-offspring-3.II,si-hlguuhlxw-3.II,si-hlguuhlxw-t,759
0,ROOT,anwil,NMLZ-be/do,an-wil,an-wil,763
1,ROOT;3.II,anwilt,NMLZ-be/do-3.II,an-wil-3.II,an-wil-t,763
0,ROOT,haaXin,suffer-CAUS2,haaX-in,haax̲-in,765
1,ROOT;PL;3.II,haXhaaK'ant,PL~suffer-CAUS2-3.II,PL~haaX-in-3.II,CVC~haax̲-in-t,765
0,ROOT,anma'us,NMLZ-play,an-ma'us,an-ma'us,767
1,ROOT;3PL.II,anma'usdiit,NMLZ-play-3PL.II,an-ma'us-3PL.II,an-ma'us-diit,767
0,ROOT,simihl,CAUS1-burn,si-mihl,si-mihl,769
1,ROOT;3PL.II,simihldiit,CAUS1-burn-3PL.II,si-mihl-3PL.II,si-mihl-diit,769
0,ROOT,ha'win,stop-CAUS2,ha'w-in,ha'w-in,771
1,ROOT;3.II,ha'widint,stop-CAUS2-3.II,ha'w-in-3.II,ha'w-in-t,771
0,ROOT,dit'e'l,COM-hurry,di-t'e'l,di-t'e'l,773
1,ROOT;3PL.II,dit'e'ldiit,COM-hurry-3PL.II,di-t'e'l-3PL.II,di-t'e'l-diit,773
0,ROOT,sianlayt'i,CAUS1-NMLZ-debar,si-an-layt'i,si-an-layt'ix,774
1,ROOT;3PL.II,sa'anlayt'ixdiit,CAUS1-NMLZ-debark-3PL.II,si-an-layt'ix-3PL.II,si-an-layt'ix-diit,774
0,ROOT,sisgi,CAUS1-lie.on,si-sgi,si-sgi,775
1,ROOT;3.II,sisgit,CAUS1-lie.on-3.II,si-sgi-3.II,si-sgi-t,775
0,ROOT,jiksin,moist-CAUS2,jiks-in,jiks-in,777
1,ROOT;3PL.II,jiksindiit,moist-CAUS2-3PL.II,jiks-in-3PL.II,jiks-in-diit,777
2,ROOT;PL;3PL.II,jixjiksindiit,PL~moist-CAUS2-3PL.II,PL~jiks-in-3PL.II,CVC~jiks-in-diit,777
0,ROOT,siK'ap,CAUS1-part,si-K'ap,si-k̲'ap,778
1,ROOT;3PL.II,saK'apdiit,CAUS1-part-3PL.II,si-K'ap-3PL.II,si-k̲'ap-diit,778
0,ROOT,'wits'in,mash-CAUS2,'wits'-in,'wits'-in,779
1,ROOT;3PL.II,'wits'indiit,mash-CAUS2-3PL.II,'wits'-in-3PL.II,'wits'-in-diit,779
0,ROOT,tK'a'ain,flat-CAUS2,tK'a'a-in,tk̲'a'a-in,781
1,ROOT;3PL.II,tK'a'andiit,flat-CAUS2-3PL.II,tK'a'a-in-3PL.II,tk̲'a'a-in-diit,781
0,ROOT,guksin,soak-CAUS2,guks-in,guks-in,783
1,ROOT;3.II,guksint,soak-CAUS2-3.II,guks-in-3.II,guks-in-t,783
0,ROOT,anbisxw,NMLZ-expect,an-bisxw,an-bisxw,786
1,ROOT;SX,anbisxwit,NMLZ-expect-SX,an-bisxw-SX,an-bisxw-it,786
0,ROOT,haxwdekw,INS-shoot,ha-xwdekw,ha-xwdekw,787
1,ROOT;3.II,haxwdekwt,INS-shoot-3.II,ha-xwdekw-3.II,ha-xwdekw-t,787
0,ROOT,ts'iigwin,leak-CAUS2,ts'iigw-in,ts'iigw-in,790
1,ROOT;TR;1PL.II,ts'iigwini'm,leak-CAUS2-TR-1PL.II,ts'iigw-in-TR-1PL.II,ts'iigw-in-i-'m,790
0,ROOT,siget,CAUS1-people,si-get,si-get,792
1,ROOT;ATTR,sigedim,CAUS1-people-ATTR,si-get-ATTR,si-get-m,792
0,ROOT,mitin,be.full.I-CAUS2,mit-in,mit-in,798
1,ROOT;3.II,midint,be.full.I-CAUS2-3.II,mit-in-3.II,mit-in-t,798
2,ROOT;3PL.II,midindiit,be.full.I-CAUS2-3PL.II,mit-in-3PL.II,mit-in-diit,798
0,ROOT,diyee,COM-go.I,di-yee,di-yee,799
1,ROOT;3.II,diyeet,COM-go.I-3.II,di-yee-3.II,di-yee-t,799
2,ROOT;3PL.II,diyeediit,COM-go.I-3PL.II,di-yee-3PL.II,di-yee-diit,799
0,ROOT,XshaneeK,PFX-smell.I,Xs-haneeK,x̲s-haneek̲,802
1,ROOT;3.II,XshaneeKt,PFX-smell.I-3.II,Xs-haneeK-3.II,x̲s-haneek̲-t,802
0,ROOT,yukwsin,join.II-CAUS2,yukws-in,yukws-in,806
1,ROOT;3PL.II,yukwsindiit,join.II-CAUS2-3PL.II,yukws-in-3PL.II,yukws-in-diit,806
0,ROOT,gwilain,blanket.I-CAUS2,gwila-in,gwila-in,808
1,ROOT;3PL.II,gwiladindiit,blanket.I-CAUS2-3PL.II,gwila-in-3PL.II,gwila-in-diit,808
0,ROOT,hlenin,move.I-CAUS2,hlen-in,hlen-in,809
1,ROOT;3PL.II,hlendindiit,move.I-CAUS2-3PL.II,hlen-in-3PL.II,hlen-in-diit,809
0,ROOT,gwilain,blanket-CAUS2,gwila-in,gwila-in,816
1,ROOT;3.II,gwiladint,blanket-CAUS2-3.II,gwila-in-3.II,gwila-in-t,816
0,ROOT,xsididaa'whl,out-COM-leave,xsi-di-daa'whl,xsi-di-daa'whl,827
1,ROOT;3.II,xsididaa'whlt,out-COM-leave-3.II,xsi-di-daa'whl-3.II,xsi-di-daa'whl-t,827
0,ROOT,saGaytGootin,together-heart-CAUS2,saGayt-Goot-in,sag̲ayt-g̲oot-in,828
1,ROOT;3.II,saGaytGoodint,together-heart-CAUS2-3.II,saGayt-Goot-in-3.II,sag̲ayt-g̲oot-in-t,828
0,ROOT,ksibaXin,out-run-CAUS2,ksi-baX-in,ksi-bax̲-in,829
1,ROOT;3PL.II,ksibahandiit,out-run-CAUS2-3PL.II,ksi-baX-in-3PL.II,ksi-bax̲-in-diit,829
0,ROOT,liksgetin,strange-character-CAUS2,liks-get-in,liks-get-in,831
1,ROOT;3PL.II,liksgedindiit,strange-character-CAUS2-3PL.II,liks-get-in-3PL.II,liks-get-in-diit,831
0,ROOT,saGaytGoodain,together-all.gone-CAUS2,saGayt-Gooda-in,sag̲ayt-g̲ooda-in,833
1,ROOT;3.II,saGaytGoodint,together-all.gone-CAUS2-3.II,saGayt-Gooda-in-3.II,sag̲ayt-g̲ooda-in-t,833
2,ROOT;3PL.II,saGaytGoodindiit,together-all.gone-CAUS2-3PL.II,saGayt-Gooda-in-3PL.II,sag̲ayt-g̲ooda-in-diit,833
0,ROOT,ha'niiGoot,INS-on.II-heart,ha-'nii-Goot,ha-'nii-g̲oot,834
1,ROOT;3PL.II,ha'niiGootdiit,INS-on.II-heart-3PL.II,ha-'nii-Goot-3PL.II,ha-'nii-g̲oot-diit,834
2,ROOT;1SG.II,ha'niiGoodi'y,INS-on.II-heart-1SG.II,ha-'nii-Goot-1SG.II,ha-'nii-g̲oot-'y,834
0,ROOT,ha'niijoK,INS-on.II-dwell,ha-'nii-joK,ha-'nii-jok̲,840
1,ROOT;3.II,ha'niijoKt,INS-on.II-dwell-3.II,ha-'nii-joK-3.II,ha-'nii-jok̲-t,840
1,ROOT,tK'alhuksin,against-join.I-CAUS2,tK'al-huks-in,tk̲'al-huks-in,841
3,ROOT;3PL.II,tK'alhuksindiit,against-join.I-CAUS2-3PL.II,tK'al-huks-in-3PL.II,tk̲'al-huks-in-diit,841
0,ROOT,ha'niijoK,INS-on-dwell,ha-'nii-joK,ha-'nii-jok̲,847
1,ROOT;1PL.II,ha'niijoGa'm,INS-on-dwell-1PL.II,ha-'nii-joK-1PL.II,ha-'nii-jok̲-'m,847
0,ROOT,luu'nu'w,in-die,luu-'nu'w,luu-'nu'w,853
1,ROOT;3.II,luu'nu'wt,in-die-3.II,luu-'nu'w-3.II,luu-'nu'w-t,853
0,ROOT,saGaytGoot,together-heart,saGayt-Goot,sag̲ayt-g̲oot,860
1,ROOT;3PL,saGaytGootda,together-heart-3PL,saGayt-Goot-3PL,sag̲ayt-g̲oot-da,860
3,ROOT;3PL.II,saGaytGootdiit,together-heart-3PL.II,saGayt-Goot-3PL.II,sag̲ayt-g̲oot-diit,860
0,ROOT,saGaytGooda,together-all.gone,saGayt-Gooda,sag̲ayt-g̲ooda,862
1,ROOT;3.II,saGaytGoodat,together-all.gone-3.II,saGayt-Gooda-3.II,sag̲ayt-g̲ooda-t,862
0,ROOT,luujoK,in-dwell,luu-joK,luu-jok̲,865
1,ROOT;SX,luujoGat,in-dwell-SX,luu-joK-SX,luu-jok̲-it,865
0,ROOT,sGat'aa,blocking.way-sit,sGa-t'aa,sg̲a-t'aa,866
1,ROOT;3.II,sGat'aat,blocking.way-sit-3.II,sGa-t'aa-3.II,sg̲a-t'aa-t,866
0,ROOT,aluut'aa,clearly-sit,aluu-t'aa,aluu-t'aa,867
1,ROOT;3.II,aluut'aat,clearly-sit-3.II,aluu-t'aa-3.II,aluu-t'aa-t,867
0,ROOT,ehldit'aa,all.night-sit,ehldi-t'aa,ehldi-t'aa,868
1,ROOT;SX,ehldit'aat,all.night-sit-SX,ehldi-t'aa-SX,ehldi-t'aa-it,868
0,ROOT,sinhun,hunt-salmon,sin-hun,sin-hun,873
1,ROOT;SX,sinhunt,hunt-salmon-SX,sin-hun-SX,sin-hun-it,873
2,ROOT;3.II,sinhunt,hunt-salmon-3.II,sin-hun-3.II,sin-hun-t,873
0,ROOT,luusgi,in-lie.on,luu-sgi,luu-sgi,875
1,ROOT;3.II,luusgit,in-lie.on-3.II,luu-sgi-3.II,luu-sgi-t,875
0,ROOT,baXyuxw,uphill-follow,baX-yuxw,bax̲-yuxw,876
1,ROOT;3PL.II,baXyuxwdiithl,uphill-follow-3PL.II,baX-yuxw-3PL.II,bax̲-yuxw-diit,876
0,ROOT,luuyuxw,in-follow,luu-yuxw,luu-yuxw,877
1,ROOT;3PL.II,luuyuxwdiit,in-follow-3PL.II,luu-yuxw-3PL.II,luu-yuxw-diit,877
0,ROOT,saalukw,away/off-move.location,saa-lukw,saa-lukw,882
1,ROOT;3PL.II,saalukwdiit,away/off-move.location-3PL.II,saa-lukw-3PL.II,saa-lukw-diit,882
1,ROOT,ame,used.for-say,am-he,am-he,886
2,ROOT;3.II,amet,used.for-say-3.II,am-he-3.II,am-he-t,886
1,ROOT,Galts'ep,container-village.people,Gal-ts'ep,g̲al-ts'ep,887
2,ROOT;PL,Galjipts'ep,container-PL~village.people,_,g̲al-CVC~ts'ep,887
3,ROOT;3.II,Galts'ept,container-village.people-3.II,Gal-ts'ep-3.II,g̲al-ts'ep-t,887
4,ROOT;1PL.II,Galts'ebi'm,container-village.people-1PL.II,Gal-ts'ep-1PL.II,g̲al-ts'ep-'m,887
5,ROOT;3PL.II,Galts'epdiit,container-village.people-3PL.II,Gal-ts'ep-3PL.II,g̲al-ts'ep-diit,887
6,ROOT;1SG.II,Galts'ebi'y,container-village.people-1SG.II,Gal-ts'ep-1SG.II,g̲al-ts'ep-'y,887
0,ROOT,ksi'wa,out-find,ksi-'wa,ksi-'wa,888
1,ROOT;3PL.II,ksi'wadiit,out-find-3PL.II,ksi-'wa-3PL.II,ksi-'wa-diit,888
0,ROOT,'nii'wa,on-find,'nii-'wa,'nii-'wa,890
1,ROOT;3PL.II,'nii'wadiit,on-find-3PL.II,'nii-'wa-3PL.II,'nii-'wa-diit,890
0,ROOT,sGa'wa,blocking.way-find,sGa-'wa,sg̲a-'wa,891
1,ROOT;3.II,sGa'wat,blocking.way-find-3.II,sGa-'wa-3.II,sg̲a-'wa-t,891
2,ROOT;3PL.II,sGa'wadiit,blocking.way-find-3PL.II,sGa-'wa-3PL.II,sg̲a-'wa-diit,891
0,ROOT,ksimaas,out-bar,ksi-maas,ksi-maas,897
1,ROOT;3PL.II,ksimaasdiit,out-bark-3PL.II,ksi-maas-3PL.II,ksi-maas-diit,897
0,ROOT,xsa'aKxw,out-attain,xsa-'aKxw,xsa-'ak̲xw,899
1,ROOT;1SG.II,xsa'aKxwi'y,out-attain-1SG.II,xsa-'aKxw-1SG.II,xsa-'ak̲xw-'y,899
0,ROOT,xsiga'a,out-see,xsi-ga'a,xsi-ga'a,901
1,ROOT;TR;3.II,xsiga'at,out-see-TR-3.II,xsi-ga'a-TR-3.II,xsi-ga'a-i-t,901
0,ROOT,gidiiguu,halt-take,gidii-guu,gidii-guu,904
1,ROOT;PL,gidiidoK,halt-take.PL,gidii-doK.PL,gidii-dok̲,904
2,ROOT;PL;3.II,gidiidoKt,halt-take.PL-3.II,gidii-doK.PL-3.II,gidii-dok̲-t,904
3,ROOT;PL;3PL.II,gidiidoKdiit,halt-take.PL-3PL.II,gidii-doK.PL-3PL.II,gidii-dok̲-diit,904
0,ROOT,tk'utk'utk'utk'udaa,around-around-outer.surface,tk'u-tk'u-tk'u-tk'u-daa,tk'u-tk'u-tk'u-tk'u-daax,906
1,ROOT;3.II,k'utk'udaaxt,around-around-outer.surface-3.II,tk'u-tk'u-tk'u-tk'u-daax-3.II,tk'u-tk'u-daax-t,906
0,ROOT,sGat'akw,blocking.way-twist,sGa-t'akw,sg̲a-t'akw,908
1,ROOT;3.II,sGat'akwt,blocking.way-twist-3.II,sGa-t'akw-3.II,sg̲a-t'akw-t,908
0,ROOT,luut'ipdaa'whl,in-sharply.down-leave,luu-t'ip-daa'whl,luu-t'ip-daa'whl,910
1,ROOT;3.II,luut'ipdaa'wt,in-sharply.down-leave-3.II,luu-t'ip-daa'whl-3.II,luu-t'ip-daa'whl-t,910
0,ROOT,tk'idaa'whl,drop-leave,tk'i-daa'whl,tk'i-daa'whl,912
1,ROOT;3.II,k'idaa'wt,drop-leave-3.II,tk'i-daa'whl-3.II,tk'i-daa'whl-t,912
1,ROOT,sbaGaytGan,among-tree,sbaGayt-Gan,sbag̲ayt-g̲an,915
2,ROOT;PL,sbaGaytGanGan,among-PL~tree,_,sbag̲ayt-CVC~g̲an,915
0,ROOT,xhliiguu,all.over-take,xhlii-guu,xhlii-guu,916
1,ROOT;3.II,xhliiguut,all.over-take-3.II,xhlii-guu-3.II,xhlii-guu-t,916
0,ROOT,K'ay'mes,still-grow,K'ay-'mes,k̲'ay-'mes,917
1,ROOT;1SG.II,K'ay'mesi'y,still-grow-1SG.II,K'ay-'mes-1SG.II,k̲'ay-'mes-'y,917
0,ROOT,lixsgat,strange-character,lixs-gat,lixs-gat,918
4,ROOT;ATTR,lixsgadim,strange-character-ATTR,lixs-gat-ATTR,lixs-gat-m,918
0,ROOT,daXgat,firm-character,daX-get,dax̲-gat,919
2,ROOT;ATTR,daXgadim,firm-character-ATTR,daX-get-ATTR,dax̲-gat-m,919
4,ROOT;3.II,daXgett,firm-character-3.II,daX-get-3.II,dax̲-get-t,919
5,ROOT;1PL.II,daXgedi'm,firm-character-1PL.II,daX-get-1PL.II,dax̲-get-'m,919
0,ROOT,gi'namhlguuhlxw,give-child,gi'nam-hlguuhlxw,gi'nam-hlguuhlxw,920
1,ROOT;ATTR,gi'namhlxum,give-child-ATTR,gi'nam-hlguuhlxw-ATTR,gi'nam-hlguuhlxw-m,920
1,ROOT,K'amksiwaamX,white.people-language,K'amksiwaa-mX,k̲'amksiwaa-mx̲,922
2,ROOT;3PL.II,K'amksiwaamXdiit,white.people-language-3PL.II,K'amksiwaa-mX-3PL.II,k̲'amksiwaa-mx̲-diit,922
3,ROOT,lim'oo'y,song-ancient,limx-'oo'y,limx-'oo'y,926
5,ROOT;3.II,lim'oo'yt,song-ancient-3.II,limx-'oo'y-3.II,limx-oo'y-t,926
0,ROOT,aXalgaX,lack-speech,aX-algaX,ax̲-algax̲,930
1,ROOT;1SG.II,aX'algaGa'y,lack-speech-1SG.II,aX-algaX-1SG.II,ax̲-algax̲-'y,930
0,ROOT,hlguts'uus,small-be.small,hlgu-ts'uus,hlgu-ts'uusk,931
2,ROOT;3.II,hlguts'uusxt,small-be.small-3.II,hlgu-ts'uusk-3.II,hlgu-ts'uusx-t,931
4,ROOT;1PL.II,hlguts'uusgi'm,small-be.small-1PL.II,hlgu-ts'uusk-1PL.II,hlgu-ts'uusk-'m,931
6,ROOT;1SG.II,hlguts'uusgi'y,small-be.small-1SG.II,hlgu-ts'uusk-1SG.II,hlgu-ts'uusk-'y,931
0,ROOT,t'ilXoo,overseer.of-mind,t'il-Xoo,t'il-x̲oo,933
1,ROOT;3PL.II,t'ilXo'odiit,overseer.of-mind-3PL.II,t'il-Xoo-3PL.II,t'il-x̲oo-diit,933
3,ROOT;1SG.II,t'ilXoo'y,overseer.of-mind-1SG.II,t'il-Xoo-1SG.II,t'il-x̲oo-'y,933
0,ROOT,hasbagyoo,upside.down-doc,hasba-gyoo,hasba-gyoo,934
1,ROOT;3.II,hasbagyoot,upside.down-dock-3.II,hasba-gyoo-3.II,hasba-gyoo-t,934
0,ROOT,hanwilaakw,bad-do.something.to,han-wilaakw,han-wilaakw,939
1,ROOT;3.II,hanwilaakwt,bad-do.something.to-3.II,han-wilaakw-3.II,han-wilaakw-t,939
0,ROOT,luuhitxwGoot,in-cry.out-heart,luu-hitxw-Goot,luu-hitxw-g̲oot,941
1,ROOT;3PL.II,luuhitxwGootdiit,in-cry.out-heart-3PL.II,luu-hitxw-Goot-3PL.II,luu-hitxw-g̲oot-diit,941
0,ROOT,laXyip,on-land,laX-yip,lax̲-yip,943
1,ROOT;SX,laXyibit,on-land-SX,laX-yip-SX,lax̲-yip-it,943
2,ROOT;3.II,laXyipt,on-land-3.II,laX-yip-3.II,lax̲-yip-t,943
3,ROOT;1PL.II,laXyibi'm,on-land-1PL.II,laX-yip-1PL.II,lax̲-yip-'m,943
4,ROOT;3PL.II,laXyipdiit,on-land-3PL.II,laX-yip-3PL.II,lax̲-yip-diit,943
0,ROOT,anuuaats'ip,direction.of-door,anuu-aats'ip,anuu-aats'ip,946
1,ROOT;3.II,an'aats'ipt,direction.of-door-3.II,anuu-aats'ip-3.II,anuu-aats'ip-t,946
0,ROOT,luutK'alno'o,in-against-hole,luu-tK'al-no'o,luu-tk̲'al-no'o,947
1,ROOT;3.II,luutK'alno'ot,in-against-hole-3.II,luu-tK'al-no'o-3.II,luu-tk̲'al-no'o-t,947
0,ROOT,suuhlo'o,away-appear,suu-hlo'o,suu-hlo'o,950
1,ROOT;3PL.II,suuhlo'odiit,away-appear-3PL.II,suu-hlo'o-3PL.II,suu-hlo'o-diit,950
1,ROOT,laX'u,on-top,laX-u,lax̲-u,951
2,ROOT;3.II,laX'ut,on-top-3.II,laX-u-3.II,lax̲-u-t,951
0,ROOT,ayawaatxw,shout-cry,aya-waatxw,aya-waatxw,958
1,ROOT;3.II,ayawaatxwt,shout-cry-3.II,aya-waatxw-3.II,aya-waatxw-t,958
2,ROOT;3PL.II,ayawaatxwdiit,shout-cry-3PL.II,aya-waatxw-3PL.II,aya-waatxw-diit,958
0,ROOT,tK'alyee,against-go,tK'al-yee,tk̲'al-yee,959
1,ROOT;3.II,tK'alyeet,against-go-3.II,tK'al-yee-3.II,tk̲'al-yee-t,959
0,ROOT,gilhlaxw,avoid-under,gil-hlaxw,gil-hlaxw,963
1,ROOT;3.II,gilhlaxwt,avoid-under-3.II,gil-hlaxw-3.II,gil-hlaxw-t,963
0,ROOT,t'imGes,surface-hair,t'im-Ges,t'im-g̲es,964
1,ROOT;3.II,t'imGest,surface-hair-3.II,t'im-Ges-3.II,t'im-g̲es-t,964
0,ROOT,gigeeni,place-upriver,gi-geeni,gi-geenix,967
1,ROOT;3.II,gigeenixt,place-upriver-3.II,gi-geenix-3.II,gi-geenix-t,967
0,ROOT,amhalayt,used.for-shaman,am-halayt,am-halayt,969
1,ROOT;3.II,amhalaytt,used.for-shaman-3.II,am-halayt-3.II,am-halayt-t,969
0,ROOT,sbaaKhlxw,horizontally.off-attain,sba-aKhlxw,sba-ak̲hlxw,977
1,ROOT;3.II,sba'aKhlxwt,horizontally.off-attain-3.II,sba-aKhlxw-3.II,sba-ak̲hlxw-t,977
0,ROOT,laXyip,on.I-land,laX-yip,lax̲-yip,980
1,ROOT;SX,laXyibit,on.I-land-SX,laX-yip-SX,lax̲-yip-it,980
2,ROOT;1PL.II,laXyibi'm,on.I-land-1PL.II,laX-yip-1PL.II,lax̲-yip-'m,980
3,ROOT;3PL.II,laXyipdiit,on.I-land-3PL.II,laX-yip-3PL.II,lax̲-yip-diit,980
0,ROOT,'nii'wa,on.II-find,'nii-'wa,'nii-'wa,982
1,ROOT;3PL.II,'nii'wadiit,on.II-find-3PL.II,'nii-'wa-3PL.II,'nii-'wa-diit,982
0,ROOT,luuyuxw,in.I-follow,luu-yuxw,luu-yuxw,990
1,ROOT;3PL.II,luuyuxwdiit,in.I-follow-3PL.II,luu-yuxw-3PL.II,luu-yuxw-diit,990
0,ROOT,luusgi,in.I-lie.on,luu-sgi,luu-sgi,995
1,ROOT;3.II,luusgit,in.I-lie.on-3.II,luu-sgi-3.II,luu-sgi-t,995
0,ROOT,luujoK,in.I-dwell,luu-joK,luu-jok̲,1000
1,ROOT;SX,luujoGat,in.I-dwell-SX,luu-joK-SX,luu-jok̲-it,1000
0,ROOT,luuhitxwGoot,in.I-cry.out-heart,luu-hitxw-Goot,luu-hitxw-g̲oot,1001
1,ROOT;3PL.II,luuhitxwGootdiit,in.I-cry.out-heart-3PL.II,luu-hitxw-Goot-3PL.II,luu-hitxw-g̲oot-diit,1001
0,ROOT,sinhun,hunt.II-salmon,sin-hun,sin-hun,1005
1,ROOT;SX,sinhunt,hunt.II-salmon-SX,sin-hun-SX,sin-hun-it,1005
0,ROOT,Galts'ep,container.I-village.people,Gal-ts'ep,g̲al-ts'ep,1011
2,ROOT;PL,Galjipts'ep,container.I-PL~village.people,_,g̲al-CVC~ts'ep,1011
3,ROOT;1PL.II,Galts'ebi'm,container.I-village.people-1PL.II,Gal-ts'ep-1PL.II,g̲al-ts'ep-'m,1011
4,ROOT;3PL.II,Galts'epdiit,container.I-village.people-3PL.II,Gal-ts'ep-3PL.II,g̲al-ts'ep-diit,1011
5,ROOT;1SG.II,Galts'ebi'y,container.I-village.people-1SG.II,Gal-ts'ep-1SG.II,g̲al-ts'ep-'y,1011
0,ROOT,hlgut'ihlxw,small.I-child,hlgu-t'ihlxw,hlgu-t'ihlxw,1017
1,ROOT;1SG.II,gut'ihlxwi'y,small.I-child-1SG.II,hlgu-t'ihlxw-1SG.II,hlgu-t'ihlxw-'y,1017
0,ROOT,hlguts'uus,small.I-be.small.I,hlgu-ts'uus,hlgu-ts'uusx,1018
3,ROOT;1PL.II,hlguts'uusgi'm,small.I-be.small.I-1PL.II,hlgu-ts'uusx-1PL.II,hlgu-ts'uusk-'m,1018
5,ROOT;1SG.II,hlguts'uusgi'y,small.I-be.small.I-1SG.II,hlgu-ts'uusx-1SG.II,hlgu-ts'uusk-'y,1018
0,ROOT,hlguhlguts'uuskts'uus,small.II-small.II,hlgu-hlgu-ts'uusk-ts'uus,hlgu-hlgu-ts'uusk-ts'uusk,1019
1,ROOT;1SG.II,guts'uusgi'y,small.II-small.II-1SG.II,hlgu-hlgu-ts'uusk-ts'uusk-1SG.II,hlgu-ts'uusk-'y,1019
0,ROOT,ayawaatxw,shout-cry.I,aya-waatxw,aya-waatxw,1023
1,ROOT;3.II,ayawaatxwt,shout-cry.I-3.II,aya-waatxw-3.II,aya-waatxw-t,1023
2,ROOT;3PL.II,ayawaatxwdiit,shout-cry.I-3PL.II,aya-waatxw-3PL.II,aya-waatxw-diit,1023
0,ROOT,hlgut'ihlxw,small-child.I,hlgu-t'ihlxw,hlgu-t'ihlxw,1024
1,ROOT;1SG.II,gut'ihlxwi'y,small-child.I-1SG.II,hlgu-t'ihlxw-1SG.II,hlgu-t'ihlxw-'y,1024
0,ROOT,gi'namhlguuhlxw,give-child.II,gi'nam-hlguuhlxw,gi'nam-hlguuhlxw,1025
1,ROOT;ATTR,gi'namhlxum,give-child.II-ATTR,gi'nam-hlguuhlxw-ATTR,gi'nam-hlguuhlxw-m,1025
0,ROOT,aXalgaX,lack.I-speech,aX-algaX,ax̲-algax̲,1027
1,ROOT;1SG.II,aX'algaGa'y,lack.I-speech-1SG.II,aX-algaX-1SG.II,ax̲-algax̲-'y,1027
0,ROOT,gigeeni,place-upriver.I,gi-geeni,gi-geenix,1030
1,ROOT;3.II,gigeenixt,place-upriver.I-3.II,gi-geenix-3.II,gi-geenix-t,1030
0,ROOT,xhliiguu,all.over.II-take,xhlii-guu,xhlii-guu,1034
1,ROOT;3.II,xhliiguut,all.over.II-take-3.II,xhlii-guu-3.II,xhlii-guu-t,1034
0,ROOT,xsa'aKxw,out-attain.II,xsa-'aKxw,xsa-'ak̲xw,1036
1,ROOT;1SG.II,xsa'aKxwi'y,out-attain.II-1SG.II,xsa-'aKxw-1SG.II,xsa-'ak̲xw-'y,1036
0,ROOT,suuhlo'o,away.II-appear,suu-hlo'o,suu-hlo'o,1038
1,ROOT;3PL.II,suuhlo'odiit,away.II-appear-3PL.II,suu-hlo'o-3PL.II,suu-hlo'o-diit,1038